"n_rooms","surface","floor","price","type","is_furnished","is_there_cold_room","n_workstations"
4,108,2,83000,0,1,-1,-1
1,41,1,39900,0,0,-1,-1
3,63,3,45500,1,-1,-1,6
1,33,5,54900,0,1,-1,-1
2,62,2,349990,0,0,-1,-1
3,132,6,36500,0,1,-1,-1
2,49,4,119000,0,0,-1,-1
3,92,3,67500,0,0,-1,-1
3,68,1,133000,1,-1,-1,7
3,110,6,66800,0,0,-1,-1
3,74,8,79900,0,1,-1,-1
2,51,1,119900,0,1,-1,-1
2,50,9,34000,1,-1,-1,5
3,76,5,181500,0,1,-1,-1
2,62,7,71000,0,1,-1,-1
1,28,7,53000,1,-1,-1,3
2,55,5,58900,1,-1,-1,6
4,200,2,49600,1,-1,-1,20
4,99,3,50500,0,0,-1,-1
2,60,3,55800,1,-1,-1,6
3,84,1,62900,1,-1,-1,8
3,70,1,59500,0,1,-1,-1
2,46,3,78500,1,-1,-1,5
2,58,3,84900,1,-1,-1,6
2,71,2,57700,0,0,-1,-1
2,52,2,63000,0,1,-1,-1
2,60,8,57000,0,1,-1,-1
3,76,3,97900,0,1,-1,-1
1,35,3,57500,1,-1,-1,4
3,75,3,59000,0,1,-1,-1
2,63,0,67900,2,-1,0,-1
3,62,2,56000,0,1,-1,-1
2,50,1,51300,0,1,-1,-1
2,61,1,36950,1,-1,-1,6
2,53,2,79080,0,1,-1,-1
3,77,3,77000,1,-1,-1,8
4,128,3,73000,1,-1,-1,13
2,64,3,90000,1,-1,-1,6
2,56,0,53900,2,-1,0,-1
3,80,2,25000,1,-1,-1,8
2,51,3,220000,0,1,-1,-1
2,54,4,56500,1,-1,-1,5
1,37,1,140000,0,1,-1,-1
2,45,1,69900,0,1,-1,-1
2,66,2,69000,1,-1,-1,7
2,61,4,64181,1,-1,-1,6
2,54,1,204069,1,-1,-1,5
3,78,1,88500,0,1,-1,-1
3,80,0,44500,2,-1,1,-1
3,66,8,46000,0,1,-1,-1
2,61,0,40000,2,-1,0,-1
3,71,3,75597,1,-1,-1,7
3,78,3,73000,1,-1,-1,8
1,31,3,83000,1,-1,-1,3
3,107,3,35500,0,0,-1,-1
2,48,10,213900,1,-1,-1,5
2,82,4,122364,1,-1,-1,8
2,62,6,72000,0,1,-1,-1
2,52,1,239000,1,-1,-1,5
5,100,2,75000,1,-1,-1,10
1,39,1,44555,1,-1,-1,4
3,72,0,75672,2,-1,1,-1
2,60,3,81000,0,1,-1,-1
2,39,8,73000,0,1,-1,-1
1,37,7,80000,1,-1,-1,4
2,47,8,45000,0,0,-1,-1
3,98,0,125000,0,0,-1,-1
4,98,2,140000,1,-1,-1,10
2,52,0,125000,2,-1,1,-1
1,36,4,73000,0,1,-1,-1
2,42,1,71900,0,1,-1,-1
2,50,1,49500,1,-1,-1,5
3,64,1,137000,0,1,-1,-1
1,40,1,84500,1,-1,-1,4
3,74,3,220000,0,1,-1,-1
2,41,2,94000,0,1,-1,-1
3,89,11,105000,0,1,-1,-1
4,247,4,120500,1,-1,-1,25
2,58,5,75000,0,1,-1,-1
3,80,2,88000,0,1,-1,-1
2,65,1,52190,0,1,-1,-1
2,50,8,130000,0,1,-1,-1
3,110,9,67000,1,-1,-1,11
3,66,6,113580,0,0,-1,-1
2,53,1,125000,1,-1,-1,5
1,44,6,92000,1,-1,-1,4
2,48,2,82900,1,-1,-1,5
2,57,2,49500,0,1,-1,-1
2,49,3,87900,1,-1,-1,5
2,55,8,73000,1,-1,-1,6
3,70,3,84000,1,-1,-1,7
2,61,2,48500,1,-1,-1,6
1,30,1,71500,0,0,-1,-1
3,68,0,79990,1,-1,-1,7
2,64,3,71012,0,1,-1,-1
3,69,3,32850,0,1,-1,-1
3,67,5,98000,0,1,-1,-1
3,65,6,53100,0,1,-1,-1
2,55,1,75400,1,-1,-1,6
3,71,2,64900,0,1,-1,-1
2,60,0,35500,2,-1,1,-1
3,87,1,47000,0,1,-1,-1
3,130,1,29900,1,-1,-1,13
3,72,3,85510,0,1,-1,-1
4,87,0,65000,2,-1,0,-1
2,63,2,37300,0,0,-1,-1
2,72,1,75900,1,-1,-1,7
3,61,1,43000,0,0,-1,-1
2,55,2,45000,0,1,-1,-1
3,78,1,35000,1,-1,-1,8
2,42,2,51900,0,1,-1,-1
4,100,1,39500,0,0,-1,-1
2,43,1,72250,1,-1,-1,4
1,40,2,49700,0,0,-1,-1
2,61,1,102000,0,1,-1,-1
3,78,1,65500,0,1,-1,-1
2,57,4,72500,1,-1,-1,6
3,116,8,74000,1,-1,-1,12
2,56,0,76600,0,1,-1,-1
3,68,1,129325,0,1,-1,-1
2,67,2,123500,0,1,-1,-1
2,48,6,75500,1,-1,-1,5
4,137,8,78850,1,-1,-1,14
3,70,1,79500,0,0,-1,-1
2,48,2,83000,1,-1,-1,5
2,51,1,104500,0,1,-1,-1
2,48,3,130000,1,-1,-1,5
2,48,3,52600,1,-1,-1,5
2,49,0,77900,2,-1,0,-1
2,65,10,53500,1,-1,-1,6
2,59,1,134505,1,-1,-1,6
3,143,3,54900,1,-1,-1,14
2,52,4,129000,0,1,-1,-1
5,177,0,38900,2,-1,0,-1
1,36,1,95900,0,0,-1,-1
3,86,0,47405,2,-1,1,-1
2,53,2,51500,0,1,-1,-1
2,58,2,47000,1,-1,-1,6
3,60,1,55000,0,0,-1,-1
2,40,0,229900,1,-1,-1,4
1,36,3,69500,0,1,-1,-1
2,48,2,125000,0,0,-1,-1
1,34,1,132000,1,-1,-1,3
5,126,4,82500,0,0,-1,-1
1,30,1,48450,0,1,-1,-1
3,65,1,78000,1,-1,-1,6
3,60,1,137000,1,-1,-1,6
1,34,2,65000,1,-1,-1,3
3,66,0,34900,0,1,-1,-1
2,41,1,95370,1,-1,-1,4
2,58,2,46150,1,-1,-1,6
2,48,1,73715,1,-1,-1,5
2,40,4,75000,1,-1,-1,4
2,46,4,58000,1,-1,-1,5
1,31,2,79000,1,-1,-1,3
3,85,1,129000,0,1,-1,-1
2,50,2,59000,0,1,-1,-1
3,69,1,53000,1,-1,-1,7
4,105,2,57000,0,1,-1,-1
2,42,1,79650,0,1,-1,-1
3,104,1,54800,1,-1,-1,10
2,55,1,98000,0,1,-1,-1
3,63,6,248000,0,1,-1,-1
2,45,9,165000,0,1,-1,-1
2,50,3,142800,1,-1,-1,5
3,74,1,52000,1,-1,-1,7
3,72,8,103000,0,0,-1,-1
2,72,0,54900,2,-1,0,-1
2,51,3,89000,1,-1,-1,5
2,54,10,150000,0,0,-1,-1
4,108,1,159000,1,-1,-1,11
3,86,2,69500,0,0,-1,-1
3,85,1,61000,0,1,-1,-1
2,68,1,123219,0,1,-1,-1
2,51,2,63900,0,0,-1,-1
4,81,1,62600,0,0,-1,-1
2,65,1,139990,0,0,-1,-1
3,79,3,119500,0,1,-1,-1
1,34,3,59629,1,-1,-1,3
2,61,6,124000,0,1,-1,-1
3,73,2,80000,0,1,-1,-1
1,36,3,87000,0,0,-1,-1
2,64,2,39995,0,1,-1,-1
1,34,2,57000,0,1,-1,-1
4,113,0,46000,2,-1,1,-1
2,51,4,40800,0,1,-1,-1
2,50,2,290000,1,-1,-1,5
1,40,4,80000,0,1,-1,-1
2,55,5,71000,0,0,-1,-1
2,55,2,59500,1,-1,-1,6
3,68,10,67000,1,-1,-1,7
3,66,2,76779,0,0,-1,-1
1,37,2,142000,0,1,-1,-1
2,38,0,52900,2,-1,0,-1
4,102,1,43100,0,0,-1,-1
3,80,2,60000,1,-1,-1,8
3,80,6,99000,0,1,-1,-1
3,71,3,275000,0,1,-1,-1
2,70,8,48500,0,1,-1,-1
2,50,2,42500,0,1,-1,-1
4,82,5,68500,0,1,-1,-1
3,100,3,75400,0,1,-1,-1
2,51,0,42500,2,-1,1,-1
2,38,0,97000,0,1,-1,-1
3,55,0,34900,2,-1,1,-1
2,50,3,73000,1,-1,-1,5
2,55,0,110250,2,-1,0,-1
3,90,0,105000,2,-1,1,-1
3,87,1,72000,0,1,-1,-1
3,60,2,56000,0,0,-1,-1
4,85,3,56000,0,0,-1,-1
3,62,3,95000,1,-1,-1,6
4,87,2,170000,0,0,-1,-1
2,58,2,68100,1,-1,-1,6
2,57,2,77400,0,1,-1,-1
2,50,1,93000,0,1,-1,-1
2,38,0,64800,2,-1,1,-1
2,60,3,73000,1,-1,-1,6
2,59,1,69950,0,1,-1,-1
2,48,4,81383,0,0,-1,-1
3,88,3,45505,0,1,-1,-1
3,77,4,109000,0,1,-1,-1
2,56,4,44900,0,1,-1,-1
3,77,0,61000,2,-1,1,-1
4,205,4,51000,1,-1,-1,20
3,110,1,170500,0,1,-1,-1
3,94,2,60900,0,1,-1,-1
2,60,2,144000,1,-1,-1,6
3,104,3,109900,1,-1,-1,10
2,65,2,97000,0,1,-1,-1
2,54,1,197154,0,0,-1,-1
2,69,7,75000,1,-1,-1,7
3,115,3,64500,1,-1,-1,12
1,35,4,118000,0,1,-1,-1
3,80,4,209000,1,-1,-1,8
2,60,3,86700,1,-1,-1,6
2,55,0,38500,2,-1,0,-1
3,85,4,61500,0,0,-1,-1
3,72,2,55000,1,-1,-1,7
3,88,1,50500,1,-1,-1,9
2,55,11,210931,1,-1,-1,6
3,79,1,85000,0,0,-1,-1
2,64,9,46000,1,-1,-1,6
2,64,0,29499,2,-1,1,-1
2,60,4,71000,1,-1,-1,6
3,94,1,122000,1,-1,-1,9
3,107,4,40900,0,1,-1,-1
4,130,1,150000,1,-1,-1,13
3,112,2,67000,0,1,-1,-1
2,47,1,360000,0,1,-1,-1
2,79,13,121000,1,-1,-1,8
2,63,0,299900,2,-1,0,-1
2,51,6,167000,0,1,-1,-1
2,32,0,51500,2,-1,0,-1
3,139,1,76900,0,1,-1,-1
3,71,3,67000,0,0,-1,-1
3,85,5,79800,1,-1,-1,8
2,46,1,59900,0,1,-1,-1
3,67,2,229000,1,-1,-1,7
2,58,1,91000,0,1,-1,-1
3,67,4,78000,0,0,-1,-1
3,53,2,40500,0,1,-1,-1
2,52,5,100000,0,0,-1,-1
2,50,0,49000,2,-1,0,-1
3,105,3,79800,0,1,-1,-1
4,156,4,218000,0,1,-1,-1
2,51,6,65200,0,0,-1,-1
2,68,8,129000,0,1,-1,-1
2,50,3,60500,0,0,-1,-1
2,47,-1,49500,0,1,-1,-1
3,82,8,138000,0,1,-1,-1
3,72,3,85000,1,-1,-1,7
2,55,0,76000,2,-1,1,-1
2,56,2,99574,0,1,-1,-1
3,75,2,75000,0,1,-1,-1
1,37,6,102000,0,1,-1,-1
3,72,2,57990,0,1,-1,-1
3,72,2,92900,0,0,-1,-1
3,118,5,73000,1,-1,-1,12
3,91,1,82447,0,0,-1,-1
3,88,6,63500,1,-1,-1,9
3,76,6,237000,0,1,-1,-1
2,54,8,60000,1,-1,-1,5
3,63,10,44000,0,1,-1,-1
2,54,6,57000,1,-1,-1,5
2,44,1,172000,1,-1,-1,4
3,90,1,56000,1,-1,-1,9
3,110,5,165000,1,-1,-1,11
3,84,1,42450,0,1,-1,-1
1,35,4,163000,1,-1,-1,4
2,55,3,126000,0,1,-1,-1
2,51,3,59900,1,-1,-1,5
2,57,0,73500,0,1,-1,-1
2,57,5,61500,0,0,-1,-1
2,39,0,63499,2,-1,0,-1
3,79,3,89400,0,0,-1,-1
1,35,3,88500,1,-1,-1,4
2,51,0,184000,1,-1,-1,5
3,86,3,87000,0,1,-1,-1
2,54,13,125000,1,-1,-1,5
2,56,8,112000,0,1,-1,-1
2,40,1,111900,0,1,-1,-1
2,58,3,135000,0,1,-1,-1
2,50,2,123000,0,0,-1,-1
3,80,5,48999,0,1,-1,-1
2,48,3,72000,0,0,-1,-1
3,95,0,90000,0,0,-1,-1
3,72,2,66000,1,-1,-1,7
3,130,8,56000,1,-1,-1,13
3,88,2,57700,1,-1,-1,9
3,112,2,105000,1,-1,-1,11
3,70,1,59900,0,0,-1,-1
3,65,1,130000,1,-1,-1,6
1,47,8,36000,0,1,-1,-1
2,49,2,72100,0,1,-1,-1
3,74,5,82000,1,-1,-1,7
2,54,3,82600,0,0,-1,-1
4,110,0,89000,2,-1,0,-1
2,67,1,139000,0,1,-1,-1
3,86,8,76000,0,1,-1,-1
2,40,3,68000,1,-1,-1,4
2,56,2,110000,0,1,-1,-1
2,55,11,135000,1,-1,-1,6
3,64,4,54000,0,0,-1,-1
1,30,3,55000,1,-1,-1,3
2,53,4,67150,1,-1,-1,5
4,111,4,105550,1,-1,-1,11
2,56,3,64900,0,1,-1,-1
2,49,1,65500,0,1,-1,-1
3,79,8,54900,1,-1,-1,8
1,33,0,127000,2,-1,0,-1
2,50,3,78900,1,-1,-1,5
2,51,0,275000,2,-1,1,-1
3,84,7,53900,0,1,-1,-1
1,36,1,133820,0,0,-1,-1
3,98,3,52672,0,0,-1,-1
2,48,2,128000,1,-1,-1,5
3,155,1,299000,0,1,-1,-1
4,116,5,38000,1,-1,-1,12
7,210,4,55000,0,0,-1,-1
1,39,5,243000,0,0,-1,-1
3,100,1,36000,0,1,-1,-1
2,45,2,61000,0,1,-1,-1
3,68,1,95000,1,-1,-1,7
3,67,3,59500,0,0,-1,-1
2,56,4,49900,0,1,-1,-1
2,48,3,169000,0,0,-1,-1
3,110,4,139900,0,0,-1,-1
3,62,4,125539,0,1,-1,-1
2,55,3,64204,1,-1,-1,6
1,35,9,49524,1,-1,-1,4
3,100,9,65900,0,0,-1,-1
1,39,5,66400,1,-1,-1,4
2,56,0,60000,2,-1,0,-1
3,95,4,82000,0,1,-1,-1
2,57,0,82500,1,-1,-1,6
2,48,9,75200,0,1,-1,-1
3,98,2,73000,1,-1,-1,10
2,62,1,73715,0,1,-1,-1
2,37,12,67500,0,1,-1,-1
4,93,2,146000,0,0,-1,-1
2,64,1,189000,0,1,-1,-1
3,78,0,92000,2,-1,1,-1
4,80,4,129200,0,0,-1,-1
3,78,2,248000,0,0,-1,-1
2,45,1,42800,0,1,-1,-1
1,47,-1,57000,0,1,-1,-1
3,76,4,64600,1,-1,-1,8
2,56,1,22500,0,1,-1,-1
2,52,1,60500,1,-1,-1,5
2,47,1,39999,1,-1,-1,5
3,65,4,43500,1,-1,-1,6
2,64,5,495000,0,1,-1,-1
1,49,1,45000,0,0,-1,-1
1,45,1,60900,1,-1,-1,4
3,115,7,78300,1,-1,-1,12
2,47,9,109000,0,1,-1,-1
1,41,1,170500,0,1,-1,-1
2,59,0,76934,2,-1,0,-1
3,62,1,82950,1,-1,-1,6
3,76,2,38000,1,-1,-1,8
3,74,1,174839,0,1,-1,-1
3,86,0,46100,2,-1,0,-1
3,92,3,49900,1,-1,-1,9
2,50,5,80100,0,1,-1,-1
3,68,2,40850,1,-1,-1,7
2,50,1,67200,0,0,-1,-1
4,96,2,273000,0,1,-1,-1
2,56,5,47900,0,0,-1,-1
2,52,0,106000,2,-1,0,-1
2,46,6,55700,0,1,-1,-1
2,60,0,95312,2,-1,0,-1
2,57,2,88000,1,-1,-1,6
2,60,2,73000,1,-1,-1,6
1,48,1,99000,1,-1,-1,5
3,65,10,52500,1,-1,-1,6
2,101,3,55900,1,-1,-1,10
2,47,1,46000,0,1,-1,-1
2,63,1,75000,1,-1,-1,6
4,82,0,84900,0,1,-1,-1
2,54,2,46600,0,1,-1,-1
2,54,1,67000,1,-1,-1,5
2,59,1,43000,0,1,-1,-1
3,74,2,59993,0,1,-1,-1
3,90,0,66500,2,-1,0,-1
2,48,8,89900,0,0,-1,-1
2,58,9,55990,0,0,-1,-1
3,80,5,65000,1,-1,-1,8
2,49,4,72000,0,1,-1,-1
3,75,1,45126,1,-1,-1,8
2,51,7,81000,1,-1,-1,5
2,47,1,49400,1,-1,-1,5
2,53,9,89000,1,-1,-1,5
2,55,1,115500,0,1,-1,-1
2,56,1,86000,0,1,-1,-1
2,63,1,47560,1,-1,-1,6
3,66,6,79500,0,1,-1,-1
3,84,2,71500,1,-1,-1,8
1,32,8,138000,0,0,-1,-1
3,90,0,46900,2,-1,0,-1
3,69,2,55000,1,-1,-1,7
4,91,3,59950,0,0,-1,-1
3,130,3,81360,0,0,-1,-1
3,95,5,38000,0,1,-1,-1
1,44,2,75500,1,-1,-1,4
3,77,4,159000,0,1,-1,-1
2,50,4,80000,1,-1,-1,5
4,82,0,67000,2,-1,1,-1
4,199,9,89500,0,1,-1,-1
2,74,4,143000,0,0,-1,-1
2,54,3,59080,1,-1,-1,5
1,40,8,69900,0,1,-1,-1
2,59,0,259000,0,1,-1,-1
2,61,1,170400,1,-1,-1,6
3,63,1,47000,1,-1,-1,6
2,59,4,37000,0,1,-1,-1
3,67,1,140000,0,1,-1,-1
3,68,3,76500,0,1,-1,-1
3,70,4,120500,1,-1,-1,7
2,53,17,110000,0,1,-1,-1
2,64,2,83900,1,-1,-1,6
3,123,2,41800,1,-1,-1,12
3,87,7,155100,0,1,-1,-1
5,170,2,103500,1,-1,-1,17
2,64,4,86900,0,0,-1,-1
2,49,4,86000,1,-1,-1,5
3,84,0,79900,2,-1,0,-1
2,59,1,86900,1,-1,-1,6
2,53,1,69900,1,-1,-1,5
3,90,0,58900,2,-1,0,-1
5,180,2,66900,1,-1,-1,18
1,38,1,49900,1,-1,-1,4
2,52,6,360000,1,-1,-1,5
3,126,4,47000,0,1,-1,-1
2,64,1,147300,1,-1,-1,6
3,74,3,79048,0,1,-1,-1
1,45,1,34900,0,0,-1,-1
2,67,4,58000,1,-1,-1,7
2,64,1,98000,0,0,-1,-1
2,53,1,58800,0,1,-1,-1
2,57,7,72500,1,-1,-1,6
4,90,2,329000,1,-1,-1,9
2,57,1,85000,1,-1,-1,6
2,75,2,52285,1,-1,-1,8
3,93,1,43700,1,-1,-1,9
1,46,3,64000,1,-1,-1,5
1,40,4,57000,0,0,-1,-1
3,74,2,56000,0,1,-1,-1
3,74,1,55000,0,1,-1,-1
2,61,6,74500,1,-1,-1,6
2,50,1,51660,0,1,-1,-1
2,55,4,84900,0,1,-1,-1
3,77,4,57999,1,-1,-1,8
2,57,7,127000,1,-1,-1,6
3,75,0,59000,0,1,-1,-1
3,90,7,80000,0,0,-1,-1
2,52,4,145000,0,1,-1,-1
2,51,2,62910,1,-1,-1,5
3,96,2,55000,0,1,-1,-1
3,79,0,72900,2,-1,1,-1
3,96,1,71000,1,-1,-1,10
3,80,2,46650,0,1,-1,-1
3,100,0,59500,2,-1,1,-1
3,103,0,108225,2,-1,0,-1
1,43,10,45900,1,-1,-1,4
3,70,7,146454,1,-1,-1,7
3,93,1,68500,1,-1,-1,9
2,53,1,227453,1,-1,-1,5
3,80,1,46500,1,-1,-1,8
1,28,2,289000,1,-1,-1,3
2,55,2,48200,1,-1,-1,6
1,30,1,95000,1,-1,-1,3
2,44,4,19905,1,-1,-1,4
3,79,1,179000,0,0,-1,-1
4,263,1,35500,0,1,-1,-1
2,50,0,229900,2,-1,0,-1
1,32,0,46000,2,-1,1,-1
2,59,1,86000,1,-1,-1,6
3,92,1,80000,1,-1,-1,9
3,80,3,330000,1,-1,-1,8
2,45,0,29500,2,-1,0,-1
2,58,7,52000,1,-1,-1,6
2,58,1,97000,1,-1,-1,6
2,46,2,82900,0,1,-1,-1
1,44,2,149000,0,1,-1,-1
2,54,3,52000,0,1,-1,-1
4,96,4,95000,0,1,-1,-1
2,60,2,155000,0,1,-1,-1
3,81,2,49900,0,0,-1,-1
2,51,1,69000,0,0,-1,-1
3,67,1,155000,1,-1,-1,7
2,67,6,102000,0,1,-1,-1
3,65,1,52155,0,1,-1,-1
2,46,1,58100,0,1,-1,-1
3,83,1,36000,1,-1,-1,8
4,143,2,80688,0,1,-1,-1
2,55,1,67500,0,1,-1,-1
3,80,1,41500,1,-1,-1,8
2,41,5,75000,0,0,-1,-1
2,51,3,56500,0,1,-1,-1
3,69,3,50500,0,1,-1,-1
3,78,1,165000,0,1,-1,-1
3,66,3,140000,1,-1,-1,7
3,72,1,95000,1,-1,-1,7
4,95,2,49900,1,-1,-1,10
2,66,1,115000,0,0,-1,-1
2,61,1,109000,0,0,-1,-1
4,110,6,129600,0,0,-1,-1
2,65,1,56200,0,1,-1,-1
2,53,8,34000,1,-1,-1,5
2,55,7,138750,1,-1,-1,6
3,97,1,64090,0,1,-1,-1
2,37,2,129508,1,-1,-1,4
3,112,3,62900,1,-1,-1,11
2,55,1,99000,1,-1,-1,6
3,80,4,98000,1,-1,-1,8
3,60,2,67500,0,0,-1,-1
1,35,1,42500,0,1,-1,-1
2,64,1,97000,1,-1,-1,6
2,61,1,65700,1,-1,-1,6
2,65,2,54500,1,-1,-1,6
4,89,0,82800,2,-1,0,-1
2,53,1,69350,0,1,-1,-1
3,66,3,103200,0,1,-1,-1
2,67,1,120000,1,-1,-1,7
2,55,5,70500,1,-1,-1,6
2,69,1,35250,1,-1,-1,7
2,52,2,48100,1,-1,-1,5
2,65,0,34900,0,1,-1,-1
2,46,4,119800,1,-1,-1,5
5,105,1,129000,0,0,-1,-1
3,150,1,33600,0,0,-1,-1
1,45,2,77400,0,0,-1,-1
2,56,1,43000,1,-1,-1,6
4,85,5,140000,1,-1,-1,8
2,38,1,110000,0,1,-1,-1
2,59,2,34500,1,-1,-1,6
2,56,2,77500,0,0,-1,-1
4,93,0,225000,2,-1,1,-1
2,52,2,77400,1,-1,-1,5
2,55,0,34500,2,-1,1,-1
3,86,3,123500,1,-1,-1,9
2,56,6,65500,1,-1,-1,6
1,31,1,110000,0,1,-1,-1
2,54,2,95105,1,-1,-1,5
4,90,2,82000,1,-1,-1,9
3,70,3,165000,1,-1,-1,7
1,40,10,56000,0,1,-1,-1
3,77,1,37000,1,-1,-1,8
3,84,3,145000,0,0,-1,-1
2,64,5,243000,1,-1,-1,6
2,46,5,63000,0,1,-1,-1
4,90,7,39999,1,-1,-1,9
2,56,1,233000,0,1,-1,-1
3,135,9,55000,0,1,-1,-1
3,73,4,69900,1,-1,-1,7
4,105,0,318000,2,-1,0,-1
1,32,3,199000,1,-1,-1,3
1,40,1,267000,1,-1,-1,4
3,82,1,120000,0,1,-1,-1
2,56,4,68500,1,-1,-1,6
6,106,1,56000,1,-1,-1,11
2,67,2,176160,0,1,-1,-1
3,83,4,58000,1,-1,-1,8
3,87,1,58500,1,-1,-1,9
3,81,2,76779,0,1,-1,-1
2,60,2,37500,0,0,-1,-1
1,38,1,80885,1,-1,-1,4
1,32,1,41915,0,1,-1,-1
3,74,6,74000,1,-1,-1,7
2,51,1,49900,1,-1,-1,5
3,81,1,33600,1,-1,-1,8
1,32,2,76779,1,-1,-1,3
3,80,2,45600,0,0,-1,-1
2,74,2,68000,0,1,-1,-1
1,32,1,102000,1,-1,-1,3
3,70,8,75500,1,-1,-1,7
2,53,1,35190,1,-1,-1,5
3,90,0,79900,1,-1,-1,9
3,143,1,38500,1,-1,-1,14
3,86,0,40000,2,-1,1,-1
2,61,0,35000,2,-1,0,-1
2,58,1,54000,1,-1,-1,6
2,53,5,54990,0,0,-1,-1
3,84,2,71489,1,-1,-1,8
3,94,2,67100,1,-1,-1,9
3,90,3,82900,1,-1,-1,9
2,51,1,68800,0,0,-1,-1
3,72,1,79500,1,-1,-1,7
1,34,2,180000,0,1,-1,-1
5,250,7,69900,0,0,-1,-1
2,49,0,168000,0,1,-1,-1
3,84,0,39500,2,-1,1,-1
3,91,2,87150,0,1,-1,-1
2,40,0,125000,2,-1,1,-1
4,85,5,68700,0,1,-1,-1
3,82,7,84000,1,-1,-1,8
3,79,9,100000,1,-1,-1,8
3,68,2,48100,1,-1,-1,7
1,37,2,85000,0,1,-1,-1
4,147,3,199000,1,-1,-1,15
2,51,1,48500,1,-1,-1,5
3,86,1,45900,0,0,-1,-1
1,41,2,157000,1,-1,-1,4
2,71,3,89953,1,-1,-1,7
2,64,5,435000,1,-1,-1,6
1,35,1,90000,0,1,-1,-1
4,97,6,294000,0,0,-1,-1
2,78,5,104500,1,-1,-1,8
2,51,2,144500,1,-1,-1,5
3,78,10,62000,1,-1,-1,8
2,65,0,31700,2,-1,0,-1
2,60,1,47600,0,0,-1,-1
2,71,2,58285,0,1,-1,-1
2,48,0,84000,0,1,-1,-1
2,39,1,71489,0,1,-1,-1
3,73,0,40000,0,1,-1,-1
2,50,6,130000,1,-1,-1,5
3,74,1,111741,0,0,-1,-1
2,56,2,144000,1,-1,-1,6
3,111,1,34600,0,1,-1,-1
2,56,8,58800,0,1,-1,-1
3,70,1,136900,0,1,-1,-1
4,76,4,73520,0,1,-1,-1
3,81,6,126000,0,1,-1,-1
3,92,2,70500,0,0,-1,-1
3,75,1,57500,0,1,-1,-1
3,82,0,238000,2,-1,0,-1
4,82,2,45700,0,0,-1,-1
2,56,11,46500,1,-1,-1,6
2,59,2,190596,1,-1,-1,6
2,55,1,66500,0,1,-1,-1
1,46,1,65000,0,1,-1,-1
3,116,3,60999,1,-1,-1,12
2,52,2,89953,1,-1,-1,5
2,81,1,135000,0,1,-1,-1
3,77,0,59500,2,-1,0,-1
2,63,2,125000,0,1,-1,-1
3,131,1,98000,1,-1,-1,13
2,70,8,60000,0,1,-1,-1
2,56,1,47000,0,0,-1,-1
5,111,2,135000,1,-1,-1,11
2,57,0,85000,2,-1,0,-1
3,74,6,130000,1,-1,-1,7
2,55,1,84500,1,-1,-1,6
1,16,0,99000,2,-1,0,-1
3,145,0,84000,2,-1,0,-1
1,36,1,79000,1,-1,-1,4
3,80,2,68500,1,-1,-1,8
1,40,0,56900,0,1,-1,-1
2,61,1,125000,0,1,-1,-1
3,80,1,94000,1,-1,-1,8
3,60,0,56000,2,-1,0,-1
3,127,1,66500,1,-1,-1,13
2,38,1,63000,1,-1,-1,4
2,53,5,45000,0,0,-1,-1
3,78,3,83000,1,-1,-1,8
3,85,0,84000,2,-1,0,-1
3,145,1,97500,1,-1,-1,14
2,47,1,56850,0,1,-1,-1
4,81,0,36900,2,-1,0,-1
2,63,9,92200,1,-1,-1,6
2,55,2,51900,0,1,-1,-1
2,61,5,280000,0,0,-1,-1
5,131,5,57000,1,-1,-1,13
3,71,3,51000,1,-1,-1,7
2,58,5,82000,0,1,-1,-1
2,53,2,130000,0,0,-1,-1
3,75,1,147000,0,1,-1,-1
2,60,4,300000,0,0,-1,-1
3,36,8,99900,0,0,-1,-1
2,66,0,74990,2,-1,0,-1
3,68,1,62000,1,-1,-1,7
2,49,1,58900,0,1,-1,-1
2,74,4,49500,1,-1,-1,7
2,55,1,43000,0,1,-1,-1
3,71,2,190596,1,-1,-1,7
2,51,2,109000,1,-1,-1,5
3,85,2,60000,1,-1,-1,8
3,80,0,65000,0,0,-1,-1
3,106,2,130000,1,-1,-1,11
3,88,3,149000,1,-1,-1,9
2,64,7,95000,1,-1,-1,6
3,73,2,38000,0,0,-1,-1
2,41,7,146000,0,1,-1,-1
3,84,-1,29150,1,-1,-1,8
2,90,5,80000,0,1,-1,-1
3,96,8,68500,0,1,-1,-1
2,60,6,78900,0,0,-1,-1
2,40,4,250000,1,-1,-1,4
3,81,2,72400,0,1,-1,-1
2,49,10,179900,1,-1,-1,5
3,67,2,52000,1,-1,-1,7
3,75,2,125000,1,-1,-1,8
3,78,5,79000,0,1,-1,-1
4,89,6,113000,0,1,-1,-1
3,76,2,168000,0,1,-1,-1
2,59,10,45000,0,0,-1,-1
2,53,2,210000,0,1,-1,-1
2,51,2,160000,0,0,-1,-1
3,75,0,78900,2,-1,0,-1
2,53,7,98000,0,0,-1,-1
2,64,2,79900,1,-1,-1,6
2,76,4,53500,1,-1,-1,8
2,61,8,59499,0,1,-1,-1
3,88,10,150000,1,-1,-1,9
3,118,7,79000,0,1,-1,-1
3,88,2,99000,0,1,-1,-1
3,93,15,239000,0,0,-1,-1
3,80,2,104000,0,0,-1,-1
1,35,6,56800,0,1,-1,-1
2,52,0,119000,2,-1,0,-1
3,79,0,61000,1,-1,-1,8
1,37,8,79500,1,-1,-1,4
3,90,1,110000,0,1,-1,-1
2,49,1,170000,0,0,-1,-1
2,65,4,110000,1,-1,-1,6
1,45,9,91000,0,1,-1,-1
2,58,4,73000,1,-1,-1,6
2,55,2,84630,0,1,-1,-1
1,35,0,110000,0,1,-1,-1
2,65,3,93000,0,0,-1,-1
3,79,3,112000,1,-1,-1,8
2,76,1,69000,0,1,-1,-1
3,76,3,68000,1,-1,-1,8
4,115,2,140000,1,-1,-1,12
1,38,2,37500,0,0,-1,-1
3,86,6,48000,0,1,-1,-1
5,147,0,56425,2,-1,0,-1
3,70,0,150000,2,-1,1,-1
2,54,1,57000,1,-1,-1,5
2,55,0,59000,2,-1,0,-1
1,35,0,135000,2,-1,1,-1
3,88,1,54990,1,-1,-1,9
2,59,1,85620,1,-1,-1,6
3,73,6,140000,0,1,-1,-1
3,70,3,76500,1,-1,-1,7
3,71,1,70000,0,1,-1,-1
3,108,5,85000,1,-1,-1,11
3,73,10,254000,0,1,-1,-1
4,136,1,91500,0,1,-1,-1
2,57,0,54900,2,-1,1,-1
3,90,7,168000,0,0,-1,-1
2,50,2,85000,1,-1,-1,5
2,58,7,118000,0,1,-1,-1
1,34,3,138000,0,1,-1,-1
4,99,5,31000,1,-1,-1,10
3,126,4,125539,1,-1,-1,13
3,102,3,85000,1,-1,-1,10
2,59,1,56000,0,1,-1,-1
2,52,0,245000,2,-1,0,-1
1,36,0,68500,2,-1,0,-1
4,136,8,138000,1,-1,-1,14
2,87,7,46000,0,1,-1,-1
2,50,7,62000,1,-1,-1,5
2,64,3,75672,1,-1,-1,6
3,92,4,99000,1,-1,-1,9
1,40,2,42000,1,-1,-1,4
7,162,1,73000,1,-1,-1,16
2,56,3,475000,1,-1,-1,6
4,136,3,74500,0,1,-1,-1
3,71,0,82500,2,-1,0,-1
5,141,7,109000,1,-1,-1,14
2,64,0,30000,2,-1,0,-1
4,123,0,35900,2,-1,0,-1
3,84,1,47900,0,1,-1,-1
2,59,0,30000,2,-1,1,-1
2,53,2,46500,0,0,-1,-1
3,80,1,125000,1,-1,-1,8
3,88,1,58425,1,-1,-1,9
2,56,0,23500,0,1,-1,-1
3,70,1,48300,1,-1,-1,7
2,63,3,108888,0,1,-1,-1
4,176,3,138999,1,-1,-1,18
2,58,2,71800,1,-1,-1,6
2,43,2,48000,0,1,-1,-1
2,121,6,110950,1,-1,-1,12
2,50,3,77900,1,-1,-1,5
2,68,2,125000,0,1,-1,-1
1,35,2,269000,0,1,-1,-1
1,45,2,53000,0,1,-1,-1
2,50,3,96500,1,-1,-1,5
2,54,1,97999,1,-1,-1,5
2,44,2,103000,0,1,-1,-1
2,52,1,211000,0,1,-1,-1
2,60,3,83500,1,-1,-1,6
3,68,2,112000,0,1,-1,-1
3,68,2,99500,0,0,-1,-1
1,37,2,36000,1,-1,-1,4
2,58,1,99900,0,1,-1,-1
2,44,10,79900,0,1,-1,-1
1,32,3,59900,1,-1,-1,3
1,30,8,53500,0,1,-1,-1
2,57,0,112900,2,-1,0,-1
2,64,0,46200,2,-1,0,-1
2,50,2,68500,0,0,-1,-1
3,83,3,105000,0,1,-1,-1
2,58,0,101900,1,-1,-1,6
3,79,4,63000,1,-1,-1,8
2,51,6,85000,0,0,-1,-1
4,126,4,145000,0,1,-1,-1
1,42,7,61000,0,1,-1,-1
4,108,5,126500,0,0,-1,-1
1,33,3,78599,1,-1,-1,3
2,84,10,50000,0,1,-1,-1
4,130,6,120000,0,0,-1,-1
3,71,1,210000,1,-1,-1,7
2,52,4,119000,1,-1,-1,5
2,58,1,58750,1,-1,-1,6
3,48,2,108000,1,-1,-1,5
2,58,2,85000,0,1,-1,-1
2,59,4,55845,1,-1,-1,6
2,55,9,63000,0,0,-1,-1
3,108,3,53512,0,0,-1,-1
3,71,-1,50000,0,1,-1,-1
2,50,2,99750,1,-1,-1,5
1,34,7,58900,1,-1,-1,3
3,92,4,99000,1,-1,-1,9
3,70,7,69900,0,1,-1,-1
4,158,8,73000,0,1,-1,-1
4,87,2,62500,0,1,-1,-1
5,147,1,55952,1,-1,-1,15
3,73,2,63000,0,0,-1,-1
2,52,6,144900,1,-1,-1,5
3,85,3,25000,1,-1,-1,8
2,52,7,87000,0,1,-1,-1
3,89,2,230000,1,-1,-1,9
1,32,0,87000,0,1,-1,-1
2,36,0,89000,2,-1,0,-1
2,56,1,42000,0,0,-1,-1
2,51,3,74990,0,1,-1,-1
3,62,4,91000,0,0,-1,-1
4,82,2,51100,1,-1,-1,8
2,50,2,73900,0,1,-1,-1
1,32,7,199000,1,-1,-1,3
3,75,1,82000,1,-1,-1,8
3,64,8,43000,0,1,-1,-1
5,100,1,59000,1,-1,-1,10
2,39,3,91683,0,1,-1,-1
1,37,0,74000,2,-1,0,-1
2,57,0,34900,2,-1,0,-1
3,68,1,47500,0,1,-1,-1
2,64,2,76000,1,-1,-1,6
2,61,4,72000,1,-1,-1,6
2,57,4,89900,0,1,-1,-1
3,200,2,57000,0,1,-1,-1
1,39,0,240000,2,-1,1,-1
2,55,5,237000,1,-1,-1,6
4,121,3,219000,1,-1,-1,12
2,58,8,78500,1,-1,-1,6
3,82,10,100000,1,-1,-1,8
2,56,4,155000,0,1,-1,-1
2,51,1,148000,0,1,-1,-1
2,37,5,38000,1,-1,-1,4
2,49,3,60000,0,0,-1,-1
3,70,4,160000,1,-1,-1,7
4,142,7,105990,0,1,-1,-1
2,48,1,84900,0,1,-1,-1
3,86,2,55000,1,-1,-1,9
3,76,1,111000,1,-1,-1,8
3,69,1,220000,1,-1,-1,7
1,44,6,130000,1,-1,-1,4
3,88,9,63000,0,1,-1,-1
2,58,2,120000,0,1,-1,-1
3,78,9,114650,0,0,-1,-1
3,103,3,58000,0,1,-1,-1
2,46,1,125000,1,-1,-1,5
2,55,3,38000,0,1,-1,-1
2,58,4,83500,0,1,-1,-1
3,62,6,235000,1,-1,-1,6
3,77,4,101000,0,1,-1,-1
3,70,4,180000,0,0,-1,-1
3,90,3,69900,1,-1,-1,9
2,54,3,115000,1,-1,-1,5
2,50,2,55650,1,-1,-1,5
2,64,1,74000,1,-1,-1,6
2,45,1,33500,0,1,-1,-1
2,37,2,57000,1,-1,-1,4
2,50,1,116500,1,-1,-1,5
2,55,3,125000,0,1,-1,-1
2,53,1,73700,0,0,-1,-1
2,47,1,27900,0,1,-1,-1
3,79,3,50500,0,1,-1,-1
2,72,2,59950,0,1,-1,-1
1,29,1,42500,1,-1,-1,3
3,72,1,89900,1,-1,-1,7
2,63,5,280000,1,-1,-1,6
4,116,3,97000,0,0,-1,-1
2,49,5,62500,1,-1,-1,5
1,40,7,50000,0,1,-1,-1
3,70,0,66600,2,-1,1,-1
3,70,9,103000,1,-1,-1,7
2,78,6,66999,0,1,-1,-1
3,123,6,95000,1,-1,-1,12
3,78,2,43000,1,-1,-1,8
3,70,0,72100,2,-1,1,-1
2,52,6,87000,1,-1,-1,5
2,61,8,84500,1,-1,-1,6
2,50,2,30000,1,-1,-1,5
1,39,3,58000,1,-1,-1,4
4,121,3,71300,1,-1,-1,12
1,40,2,65000,0,0,-1,-1
3,100,0,40272,0,0,-1,-1
3,102,7,86900,0,0,-1,-1
3,75,10,105000,1,-1,-1,8
2,50,1,85000,0,0,-1,-1
3,70,0,45000,2,-1,0,-1
2,82,5,65000,0,0,-1,-1
3,78,2,61500,1,-1,-1,8
3,77,7,85000,0,1,-1,-1
2,45,10,99000,1,-1,-1,4
3,69,5,65000,1,-1,-1,7
2,40,5,100000,0,1,-1,-1
4,98,4,65000,0,0,-1,-1
2,47,4,73000,1,-1,-1,5
3,64,1,79000,1,-1,-1,6
3,118,4,66600,0,1,-1,-1
3,113,3,56900,0,1,-1,-1
2,64,7,195000,1,-1,-1,6
3,117,3,228000,0,0,-1,-1
2,51,6,80000,0,0,-1,-1
4,95,2,54800,0,1,-1,-1
3,66,0,49900,1,-1,-1,7
2,65,1,47000,0,1,-1,-1
3,86,3,65700,1,-1,-1,9
1,31,2,102300,0,0,-1,-1
4,97,1,63750,0,1,-1,-1
3,100,3,109633,1,-1,-1,10
1,45,0,68500,2,-1,0,-1
2,60,3,65000,0,0,-1,-1
3,72,1,49500,0,0,-1,-1
2,50,0,40272,2,-1,0,-1
2,60,1,51100,0,1,-1,-1
2,57,3,73900,0,0,-1,-1
3,88,0,40272,1,-1,-1,9
3,70,2,59999,0,0,-1,-1
3,78,3,73100,1,-1,-1,8
4,170,0,72100,2,-1,0,-1
3,98,6,349900,0,0,-1,-1
2,50,1,132000,0,1,-1,-1
4,93,0,72100,1,-1,-1,9
2,52,1,28500,1,-1,-1,5
2,58,9,96000,1,-1,-1,6
3,86,3,64204,0,1,-1,-1
2,70,4,159000,1,-1,-1,7
3,67,8,52700,0,1,-1,-1
3,63,10,108300,1,-1,-1,6
3,70,3,78500,0,1,-1,-1
2,62,5,57000,0,1,-1,-1
2,106,2,54200,0,0,-1,-1
2,63,6,45000,1,-1,-1,6
3,74,1,190000,0,1,-1,-1
2,72,3,49999,1,-1,-1,7
2,42,2,83000,0,1,-1,-1
2,64,0,229000,2,-1,0,-1
2,44,2,52500,1,-1,-1,4
2,50,1,124000,1,-1,-1,5
3,61,6,62590,0,1,-1,-1
3,79,0,115000,2,-1,0,-1
1,32,5,92183,1,-1,-1,3
1,44,3,51600,0,1,-1,-1
3,66,2,125000,0,1,-1,-1
1,44,3,100000,0,0,-1,-1
4,107,3,102200,1,-1,-1,11
3,72,2,112000,1,-1,-1,7
2,70,6,55000,0,1,-1,-1
3,77,4,150000,0,1,-1,-1
3,77,2,83000,0,1,-1,-1
3,111,2,132000,0,1,-1,-1
4,180,1,45000,0,0,-1,-1
3,82,0,319500,2,-1,0,-1
1,32,1,299000,0,1,-1,-1
4,102,1,110000,0,1,-1,-1
3,85,8,79900,0,0,-1,-1
2,68,5,67500,0,1,-1,-1
3,98,0,69900,2,-1,1,-1
1,41,7,58900,1,-1,-1,4
2,75,13,120000,1,-1,-1,8
2,62,4,96000,0,0,-1,-1
2,74,3,74900,1,-1,-1,7
2,58,5,233000,0,1,-1,-1
4,140,4,97100,0,1,-1,-1
3,64,6,59000,0,1,-1,-1
4,92,3,63000,0,1,-1,-1
1,41,1,37500,0,0,-1,-1
2,48,1,59000,1,-1,-1,5
2,57,1,44900,1,-1,-1,6
2,64,10,59000,1,-1,-1,6
2,60,4,51000,1,-1,-1,6
2,53,0,67900,2,-1,0,-1
3,64,3,58000,1,-1,-1,6
2,58,0,95105,2,-1,0,-1
4,174,8,91500,0,1,-1,-1
2,51,4,59900,1,-1,-1,5
3,70,4,84000,0,0,-1,-1
2,59,0,76600,2,-1,1,-1
3,77,0,53300,2,-1,0,-1
3,80,1,141500,1,-1,-1,8
2,40,5,102000,1,-1,-1,4
2,46,3,64204,0,0,-1,-1
2,57,1,62260,0,1,-1,-1
2,39,3,54990,0,1,-1,-1
3,68,4,93600,1,-1,-1,7
2,59,4,225000,1,-1,-1,6
3,70,1,37000,1,-1,-1,7
3,116,12,320000,1,-1,-1,12
2,54,4,69500,0,1,-1,-1
1,29,2,74000,0,1,-1,-1
1,39,3,195000,0,0,-1,-1
2,46,1,57700,0,1,-1,-1
3,92,1,36500,1,-1,-1,9
2,53,2,255000,0,1,-1,-1
3,80,7,47000,0,1,-1,-1
2,55,8,125000,1,-1,-1,6
2,52,3,118900,1,-1,-1,5
4,93,4,137500,1,-1,-1,9
3,70,4,58000,1,-1,-1,7
3,110,4,222000,1,-1,-1,11
5,198,3,74000,1,-1,-1,20
3,112,1,65000,1,-1,-1,11
2,46,1,88000,1,-1,-1,5
3,85,3,79900,1,-1,-1,8
3,69,4,139000,0,1,-1,-1
2,57,0,48000,2,-1,0,-1
3,89,4,65900,0,1,-1,-1
2,54,4,51500,1,-1,-1,5
3,80,1,58700,1,-1,-1,8
3,62,3,35500,1,-1,-1,6
3,70,2,175000,1,-1,-1,7
3,82,3,71000,1,-1,-1,8
2,63,5,73983,0,1,-1,-1
1,34,1,385000,1,-1,-1,3
3,71,4,64181,1,-1,-1,7
3,70,4,69500,0,0,-1,-1
2,54,1,85000,0,0,-1,-1
2,55,3,55000,0,1,-1,-1
2,64,1,79000,1,-1,-1,6
4,115,1,84990,0,1,-1,-1
1,45,3,55500,0,1,-1,-1
2,53,1,150000,1,-1,-1,5
3,70,3,280000,0,0,-1,-1
2,64,8,53500,0,1,-1,-1
2,42,4,139000,0,1,-1,-1
2,58,6,68000,0,0,-1,-1
3,75,9,59500,0,1,-1,-1
4,98,4,57000,0,1,-1,-1
1,38,7,53000,0,1,-1,-1
3,87,2,66000,1,-1,-1,9
2,60,1,400000,1,-1,-1,6
2,55,7,246700,1,-1,-1,6
2,60,2,64310,1,-1,-1,6
2,49,1,133820,0,1,-1,-1
4,124,3,64204,1,-1,-1,12
2,50,1,51200,0,1,-1,-1
3,63,1,81900,1,-1,-1,6
3,92,1,45900,1,-1,-1,9
2,65,0,125000,2,-1,0,-1
3,58,2,83000,1,-1,-1,6
2,56,1,27950,0,1,-1,-1
1,67,2,55530,1,-1,-1,7
4,64,3,33400,1,-1,-1,6
1,43,4,125539,1,-1,-1,4
1,36,9,78300,1,-1,-1,4
2,50,4,53900,0,1,-1,-1
2,73,7,92000,0,0,-1,-1
4,195,5,91200,0,1,-1,-1
2,56,1,56000,1,-1,-1,6
2,51,0,37050,2,-1,0,-1
3,72,3,49600,1,-1,-1,7
2,53,2,78600,0,1,-1,-1
3,73,5,51905,1,-1,-1,7
3,65,2,59000,1,-1,-1,6
1,43,15,115000,0,0,-1,-1
2,57,1,44500,0,0,-1,-1
2,60,1,160000,1,-1,-1,6
1,31,3,119900,0,1,-1,-1
4,86,2,88000,0,1,-1,-1
3,103,2,130000,1,-1,-1,10
3,62,5,140000,0,0,-1,-1
3,102,2,197635,0,0,-1,-1
1,43,10,165000,0,1,-1,-1
3,80,6,160000,0,1,-1,-1
3,61,2,246400,0,1,-1,-1
2,54,2,71400,1,-1,-1,5
3,60,6,125000,0,0,-1,-1
4,112,2,73000,0,1,-1,-1
2,52,3,59900,1,-1,-1,5
1,31,4,56000,0,1,-1,-1
2,65,0,57500,2,-1,0,-1
3,70,5,245000,1,-1,-1,7
3,100,6,179000,0,1,-1,-1
1,37,1,76930,0,0,-1,-1
2,58,7,47990,1,-1,-1,6
2,61,3,92715,1,-1,-1,6
1,37,1,82000,1,-1,-1,4
3,65,5,57400,0,0,-1,-1
2,46,4,60300,0,1,-1,-1
4,147,2,114500,1,-1,-1,15
4,119,0,72000,2,-1,0,-1
4,110,0,37900,0,1,-1,-1
3,70,4,320000,0,1,-1,-1
5,213,3,62500,1,-1,-1,21
2,56,4,56000,0,0,-1,-1
3,80,3,80000,0,1,-1,-1
2,78,1,40999,1,-1,-1,8
3,80,0,72100,0,1,-1,-1
1,37,1,195000,0,0,-1,-1
4,62,5,53000,1,-1,-1,6
5,135,1,44500,1,-1,-1,14
4,83,2,57500,1,-1,-1,8
2,54,2,125000,1,-1,-1,5
3,93,2,123000,0,1,-1,-1
2,48,2,95105,0,1,-1,-1
2,54,2,52400,1,-1,-1,5
2,64,0,76600,2,-1,0,-1
1,30,3,260400,0,1,-1,-1
3,93,1,219000,0,0,-1,-1
4,190,7,61900,1,-1,-1,19
3,64,1,80000,1,-1,-1,6
2,56,5,25500,1,-1,-1,6
3,88,2,53000,0,1,-1,-1
2,69,2,169000,1,-1,-1,7
2,48,0,63500,2,-1,0,-1
3,70,4,89990,0,0,-1,-1
2,40,2,94000,1,-1,-1,4
2,60,2,145000,1,-1,-1,6
2,62,3,44850,1,-1,-1,6
4,130,4,103000,0,1,-1,-1
2,67,4,130000,1,-1,-1,7
4,100,1,42500,0,1,-1,-1
2,59,6,55000,0,1,-1,-1
2,70,4,96000,0,1,-1,-1
3,70,1,170000,1,-1,-1,7
3,75,8,62000,0,1,-1,-1
3,88,0,19900,0,1,-1,-1
3,87,0,40000,2,-1,1,-1
3,77,2,92160,0,1,-1,-1
3,89,2,28500,0,0,-1,-1
2,60,8,83000,1,-1,-1,6
1,39,3,125000,1,-1,-1,4
2,59,2,72000,0,1,-1,-1
3,80,1,35600,1,-1,-1,8
3,88,6,83990,1,-1,-1,9
3,70,1,62000,0,1,-1,-1
2,45,2,59000,1,-1,-1,4
3,74,14,127000,0,1,-1,-1
2,64,3,128000,0,0,-1,-1
3,78,5,170000,1,-1,-1,8
3,89,2,71000,0,1,-1,-1
1,35,2,85000,0,1,-1,-1
2,52,1,48000,1,-1,-1,5
3,70,2,48000,1,-1,-1,7
3,64,10,35000,1,-1,-1,6
2,52,4,89900,0,1,-1,-1
2,64,1,43500,1,-1,-1,6
2,67,3,92000,0,1,-1,-1
2,50,5,75500,0,1,-1,-1
2,40,1,36000,1,-1,-1,4
1,34,1,119000,1,-1,-1,3
2,51,3,328000,0,0,-1,-1
2,116,2,44950,0,0,-1,-1
3,73,1,45000,0,1,-1,-1
3,75,4,130000,0,0,-1,-1
3,81,3,149000,1,-1,-1,8
3,83,2,43000,0,1,-1,-1
2,57,10,55000,1,-1,-1,6
3,59,0,110000,1,-1,-1,6
3,73,1,125000,1,-1,-1,7
3,69,2,53610,1,-1,-1,7
2,91,0,62000,2,-1,0,-1
2,46,1,105000,0,1,-1,-1
2,60,3,63000,0,1,-1,-1
3,70,1,62000,0,1,-1,-1
2,63,13,88000,1,-1,-1,6
3,96,0,39900,2,-1,1,-1
4,85,0,86500,2,-1,0,-1
1,33,4,127500,1,-1,-1,3
3,75,0,49200,1,-1,-1,8
2,49,4,57000,1,-1,-1,5
2,51,4,37500,0,0,-1,-1
1,37,1,47000,0,0,-1,-1
3,78,3,169000,1,-1,-1,8
4,84,2,180000,1,-1,-1,8
2,75,3,70000,1,-1,-1,8
1,36,2,149080,0,1,-1,-1
2,54,1,84900,0,0,-1,-1
2,54,2,189000,0,1,-1,-1
3,67,0,41000,2,-1,0,-1
2,56,6,52000,0,1,-1,-1
4,63,1,50000,1,-1,-1,6
3,90,2,144500,1,-1,-1,9
3,60,0,79900,2,-1,0,-1
2,56,3,67000,0,0,-1,-1
2,65,0,76680,2,-1,0,-1
3,62,8,145000,1,-1,-1,6
2,53,0,74000,2,-1,0,-1
1,40,0,74500,1,-1,-1,4
1,32,3,34000,1,-1,-1,3
3,101,1,48300,1,-1,-1,10
3,98,5,84000,1,-1,-1,10
2,60,4,175000,1,-1,-1,6
2,52,5,170000,0,0,-1,-1
1,34,5,145000,1,-1,-1,3
2,47,2,174999,1,-1,-1,5
2,44,1,88000,1,-1,-1,4
2,44,2,42500,1,-1,-1,4
2,53,9,77000,0,1,-1,-1
3,88,3,86300,0,1,-1,-1
4,173,3,170000,1,-1,-1,17
4,130,4,35900,1,-1,-1,13
3,75,2,49500,0,0,-1,-1
2,93,5,65000,1,-1,-1,9
2,48,17,110000,1,-1,-1,5
2,63,3,59000,0,1,-1,-1
3,89,3,59000,1,-1,-1,9
1,35,3,74000,0,1,-1,-1
2,49,4,135000,0,0,-1,-1
1,34,5,73000,1,-1,-1,3
1,37,0,58400,0,0,-1,-1
2,57,3,160000,1,-1,-1,6
2,46,2,52000,0,1,-1,-1
3,96,8,185000,0,0,-1,-1
1,37,5,85000,0,0,-1,-1
2,55,1,89000,0,1,-1,-1
2,56,0,111247,2,-1,0,-1
2,43,2,190000,0,1,-1,-1
2,64,4,185000,1,-1,-1,6
2,60,1,69000,1,-1,-1,6
4,150,2,59000,0,1,-1,-1
4,133,5,74000,1,-1,-1,13
2,56,5,79800,0,1,-1,-1
2,60,1,61078,1,-1,-1,6
4,81,2,86000,0,0,-1,-1
1,33,0,46500,0,0,-1,-1
2,73,3,65400,1,-1,-1,7
2,59,2,74600,0,1,-1,-1
1,46,6,36700,0,1,-1,-1
3,100,5,50500,0,1,-1,-1
2,54,1,46500,1,-1,-1,5
2,52,1,120000,1,-1,-1,5
3,108,3,54900,1,-1,-1,11
2,70,0,66300,0,1,-1,-1
1,37,6,450000,0,1,-1,-1
2,60,8,43500,0,1,-1,-1
2,52,1,43500,0,1,-1,-1
3,53,6,125000,0,0,-1,-1
2,50,4,79500,1,-1,-1,5
2,51,5,92500,1,-1,-1,5
2,70,1,93250,0,0,-1,-1
2,56,1,35100,0,1,-1,-1
3,67,1,54100,1,-1,-1,7
8,200,2,52600,0,0,-1,-1
4,90,2,126000,1,-1,-1,9
2,44,1,58300,0,1,-1,-1
2,64,3,120000,1,-1,-1,6
3,54,4,74000,0,1,-1,-1
2,64,5,89000,0,0,-1,-1
3,88,3,169000,1,-1,-1,9
2,52,2,49700,1,-1,-1,5
2,62,3,55000,1,-1,-1,6
2,51,2,71904,1,-1,-1,5
3,85,3,113980,1,-1,-1,8
2,55,2,80000,0,0,-1,-1
1,40,1,172000,1,-1,-1,4
3,110,4,32850,1,-1,-1,11
2,56,3,89953,0,1,-1,-1
3,74,1,37000,1,-1,-1,7
2,43,1,145000,0,1,-1,-1
2,53,1,77100,1,-1,-1,5
3,82,2,90000,1,-1,-1,8
2,63,7,79000,0,1,-1,-1
2,56,3,83000,1,-1,-1,6
2,64,1,81000,0,1,-1,-1
2,39,0,160000,2,-1,0,-1
2,53,1,116000,1,-1,-1,5
2,64,3,60999,1,-1,-1,6
3,89,1,73500,0,0,-1,-1
3,80,7,138500,1,-1,-1,8
4,125,1,67000,1,-1,-1,12
4,122,3,179000,0,0,-1,-1
2,63,2,67500,0,1,-1,-1
2,60,2,47523,1,-1,-1,6
2,46,2,48300,0,1,-1,-1
3,79,0,99000,0,1,-1,-1
3,64,9,105000,0,0,-1,-1
2,60,2,48000,0,0,-1,-1
4,88,2,190596,0,1,-1,-1
3,66,2,68000,1,-1,-1,7
3,100,2,54800,0,1,-1,-1
3,88,2,41900,1,-1,-1,9
2,53,9,56300,1,-1,-1,5
2,64,1,64030,0,1,-1,-1
3,65,0,225000,2,-1,1,-1
1,34,1,79500,1,-1,-1,3
2,44,5,90600,0,0,-1,-1
2,56,2,105574,1,-1,-1,6
2,47,9,80950,1,-1,-1,5
3,89,2,62000,0,0,-1,-1
2,60,3,41500,0,1,-1,-1
3,73,0,79540,2,-1,0,-1
2,54,1,95200,1,-1,-1,5
3,80,5,73000,0,1,-1,-1
2,51,0,149900,2,-1,0,-1
2,51,5,57000,0,0,-1,-1
3,67,7,139000,1,-1,-1,7
3,70,1,93250,1,-1,-1,7
3,82,6,167000,1,-1,-1,8
2,51,3,49900,0,1,-1,-1
3,72,7,82000,0,1,-1,-1
2,50,1,81600,0,0,-1,-1
2,60,1,98000,0,0,-1,-1
3,63,5,105000,1,-1,-1,6
2,43,3,328000,1,-1,-1,4
2,61,0,147900,2,-1,0,-1
4,98,6,55544,0,1,-1,-1
1,46,5,75411,0,1,-1,-1
2,45,2,57000,0,1,-1,-1
2,64,1,28500,0,0,-1,-1
3,73,2,59000,1,-1,-1,7
3,73,1,50500,0,0,-1,-1
3,110,7,74000,0,0,-1,-1
2,43,2,27300,1,-1,-1,4
1,34,6,150000,1,-1,-1,3
2,54,8,64000,1,-1,-1,5
7,264,2,125000,1,-1,-1,26
3,80,1,135000,0,1,-1,-1
3,66,1,405000,1,-1,-1,7
3,85,5,139000,1,-1,-1,8
2,55,1,55000,0,1,-1,-1
3,70,0,122900,2,-1,0,-1
1,30,6,122900,1,-1,-1,3
2,55,5,330000,1,-1,-1,6
4,123,0,106000,1,-1,-1,12
2,51,5,44999,1,-1,-1,5
2,56,4,46500,1,-1,-1,6
3,57,5,53512,1,-1,-1,6
3,95,3,89900,0,1,-1,-1
4,100,0,199900,2,-1,0,-1
2,60,2,62900,0,1,-1,-1
3,144,3,45400,0,0,-1,-1
3,77,7,107500,1,-1,-1,8
2,56,3,89900,0,0,-1,-1
4,85,1,75000,1,-1,-1,8
4,105,1,40000,0,0,-1,-1
3,82,0,67899,2,-1,0,-1
2,60,3,56900,0,1,-1,-1
3,69,1,95000,1,-1,-1,7
4,98,5,142000,1,-1,-1,10
3,85,3,59900,1,-1,-1,8
2,61,1,79500,0,0,-1,-1
2,51,8,84900,1,-1,-1,5
2,52,3,203000,1,-1,-1,5
2,68,2,62000,1,-1,-1,7
3,62,3,229000,1,-1,-1,6
1,36,1,46900,0,1,-1,-1
3,84,1,54000,0,1,-1,-1
3,86,1,84000,1,-1,-1,9
1,45,0,56000,2,-1,0,-1
4,141,2,72000,0,0,-1,-1
2,47,1,69000,1,-1,-1,5
3,64,1,100269,0,0,-1,-1
2,75,2,59900,1,-1,-1,8
2,56,1,60900,1,-1,-1,6
2,55,1,133820,1,-1,-1,6
3,138,3,82500,1,-1,-1,14
4,85,1,185000,1,-1,-1,8
2,50,3,230000,0,1,-1,-1
3,113,1,63900,1,-1,-1,11
6,211,2,92500,1,-1,-1,21
1,42,1,145000,1,-1,-1,4
3,80,3,75000,1,-1,-1,8
3,68,1,28500,0,1,-1,-1
2,55,5,73000,1,-1,-1,6
2,53,0,154000,2,-1,0,-1
2,52,0,48700,0,0,-1,-1
3,69,8,62000,0,1,-1,-1
5,164,2,45600,0,1,-1,-1
4,145,5,130000,0,1,-1,-1
2,65,1,74000,0,1,-1,-1
3,84,1,55400,1,-1,-1,8
1,46,-1,81000,0,0,-1,-1
2,61,3,52700,0,0,-1,-1
2,50,2,52000,0,1,-1,-1
2,69,4,289000,1,-1,-1,7
1,34,2,101500,1,-1,-1,3
4,95,3,65000,0,0,-1,-1
2,50,2,59000,1,-1,-1,5
3,67,7,139000,1,-1,-1,7
3,107,1,28500,1,-1,-1,11
1,33,0,179000,2,-1,0,-1
2,56,2,50990,0,0,-1,-1
1,35,4,43000,1,-1,-1,4
3,78,2,71860,0,1,-1,-1
2,75,1,80687,0,1,-1,-1
2,60,2,39000,1,-1,-1,6
2,60,1,53200,1,-1,-1,6
2,80,1,57500,1,-1,-1,8
3,63,3,78100,1,-1,-1,6
4,143,4,168500,0,0,-1,-1
2,60,6,360000,0,0,-1,-1
1,32,3,89953,1,-1,-1,3
2,70,8,95000,1,-1,-1,7
3,86,3,45500,1,-1,-1,9
1,37,2,60900,1,-1,-1,4
2,42,0,55500,2,-1,0,-1
2,50,3,85000,1,-1,-1,5
3,88,3,60000,0,0,-1,-1
3,89,1,81500,0,1,-1,-1
2,51,0,75000,0,1,-1,-1
4,101,8,77801,1,-1,-1,10
2,47,8,65000,0,1,-1,-1
3,70,0,149000,2,-1,0,-1
2,80,1,125000,1,-1,-1,8
4,110,2,142000,1,-1,-1,11
3,114,8,249500,1,-1,-1,11
3,80,1,48000,1,-1,-1,8
2,68,8,115000,0,1,-1,-1
2,67,3,51000,0,0,-1,-1
3,97,2,102300,0,1,-1,-1
3,89,3,69900,1,-1,-1,9
2,60,5,69523,0,0,-1,-1
3,81,3,120800,0,1,-1,-1
4,127,2,72760,0,1,-1,-1
3,76,2,57000,1,-1,-1,8
2,59,2,73000,0,1,-1,-1
2,64,5,144500,1,-1,-1,6
2,53,6,79800,0,1,-1,-1
2,50,2,56000,1,-1,-1,5
2,53,1,49900,1,-1,-1,5
2,57,1,26900,0,1,-1,-1
3,145,5,79800,0,0,-1,-1
2,94,2,42857,0,1,-1,-1
1,37,1,73500,0,1,-1,-1
3,71,1,60000,1,-1,-1,7
1,37,3,149500,1,-1,-1,4
3,70,2,42750,1,-1,-1,7
2,52,1,57000,0,0,-1,-1
2,52,0,33000,2,-1,0,-1
2,53,4,67400,1,-1,-1,5
2,57,1,49000,1,-1,-1,6
2,59,1,171000,0,1,-1,-1
2,64,1,57500,0,0,-1,-1
3,60,1,24000,0,0,-1,-1
1,43,0,74700,2,-1,0,-1
3,60,1,115000,0,0,-1,-1
2,40,7,76000,1,-1,-1,4
2,51,10,55000,1,-1,-1,5
9,240,2,63000,0,0,-1,-1
2,51,1,48900,0,1,-1,-1
2,68,1,52000,1,-1,-1,7
3,73,9,86733,0,1,-1,-1
3,64,3,72400,1,-1,-1,6
2,56,2,67733,1,-1,-1,6
3,80,10,162000,1,-1,-1,8
1,42,1,50000,1,-1,-1,4
4,87,1,112455,1,-1,-1,9
2,60,6,90000,1,-1,-1,6
3,93,6,112000,1,-1,-1,9
2,45,10,69500,0,1,-1,-1
1,36,7,71850,1,-1,-1,4
2,48,6,76000,0,1,-1,-1
3,92,4,69850,1,-1,-1,9
1,47,1,133500,0,0,-1,-1
2,64,2,176160,1,-1,-1,6
3,95,10,124000,0,1,-1,-1
3,81,11,75000,1,-1,-1,8
3,71,1,111000,1,-1,-1,7
2,52,2,260000,1,-1,-1,5
2,60,0,72100,2,-1,0,-1
2,50,7,100000,1,-1,-1,5
2,48,6,95000,1,-1,-1,5
3,103,0,115000,2,-1,0,-1
2,55,2,150000,1,-1,-1,6
1,53,4,73000,1,-1,-1,5
3,123,3,88500,0,1,-1,-1
2,57,2,69000,1,-1,-1,6
2,51,2,77500,1,-1,-1,5
2,51,3,110000,1,-1,-1,5
1,30,2,97211,0,1,-1,-1
2,63,3,220000,0,0,-1,-1
2,58,1,62000,0,1,-1,-1
3,84,6,170000,1,-1,-1,8
2,52,7,71700,0,1,-1,-1
2,58,4,78000,0,1,-1,-1
2,61,4,340000,0,1,-1,-1
2,64,-1,180000,1,-1,-1,6
3,83,6,229000,1,-1,-1,8
2,67,2,120000,1,-1,-1,7
2,52,3,154900,0,1,-1,-1
3,68,0,450000,2,-1,0,-1
2,87,0,99000,2,-1,0,-1
2,54,2,28500,0,0,-1,-1
2,53,5,73000,1,-1,-1,5
4,84,3,109000,1,-1,-1,8
3,75,0,105000,1,-1,-1,8
2,56,3,83500,1,-1,-1,6
2,53,1,84630,0,1,-1,-1
1,16,2,400000,1,-1,-1,2
2,75,-1,38900,0,0,-1,-1
2,64,2,150000,0,0,-1,-1
2,57,7,108000,0,1,-1,-1
2,47,2,149990,1,-1,-1,5
2,62,4,99950,1,-1,-1,6
1,35,0,94000,2,-1,0,-1
2,48,1,133000,0,0,-1,-1
3,79,2,119000,0,1,-1,-1
3,80,2,175000,0,1,-1,-1
3,76,0,74000,2,-1,1,-1
2,37,1,179000,0,0,-1,-1
1,38,8,72000,1,-1,-1,4
3,72,6,125000,0,1,-1,-1
2,56,6,53900,0,0,-1,-1
2,62,8,89900,0,0,-1,-1
1,28,3,84000,1,-1,-1,3
3,90,7,51000,0,1,-1,-1
2,64,2,215000,0,1,-1,-1
3,86,2,300000,0,1,-1,-1
2,50,1,135000,1,-1,-1,5
4,81,0,75672,0,1,-1,-1
3,89,7,88000,0,1,-1,-1
2,48,3,260000,0,0,-1,-1
2,55,10,52000,0,1,-1,-1
1,35,2,99000,1,-1,-1,4
2,56,5,63500,0,1,-1,-1
1,37,6,65200,1,-1,-1,4
2,51,1,52400,1,-1,-1,5
1,39,5,84900,0,1,-1,-1
1,30,7,89000,0,0,-1,-1
4,75,0,29000,0,1,-1,-1
4,145,1,65000,1,-1,-1,14
2,58,2,41055,0,1,-1,-1
2,55,4,112000,0,1,-1,-1
3,100,2,63000,1,-1,-1,10
3,90,3,92000,1,-1,-1,9
2,49,2,71590,1,-1,-1,5
2,52,2,56000,0,0,-1,-1
3,67,1,53700,1,-1,-1,7
3,116,5,83499,0,1,-1,-1
2,62,2,37800,1,-1,-1,6
2,48,2,97900,1,-1,-1,5
3,60,3,63000,0,1,-1,-1
3,78,0,248000,0,0,-1,-1
3,70,10,39500,0,0,-1,-1
1,34,1,139000,0,1,-1,-1
2,52,1,120000,1,-1,-1,5
2,64,3,124500,0,0,-1,-1
2,57,4,57000,1,-1,-1,6
2,53,1,390000,0,1,-1,-1
2,40,2,300000,0,1,-1,-1
2,45,9,80000,0,1,-1,-1
2,54,7,54900,0,1,-1,-1
3,76,1,75200,1,-1,-1,8
3,74,0,82000,2,-1,0,-1
1,42,8,65900,0,1,-1,-1
2,50,8,35000,0,1,-1,-1
2,47,5,67733,0,1,-1,-1
1,32,3,88000,0,0,-1,-1
2,64,0,68700,2,-1,0,-1
3,82,1,47000,0,1,-1,-1
4,129,3,75000,1,-1,-1,13
2,54,8,61000,1,-1,-1,5
3,81,1,87375,1,-1,-1,8
2,56,7,48500,0,0,-1,-1
3,83,2,115000,0,1,-1,-1
1,32,-1,40000,0,0,-1,-1
1,41,1,70000,0,1,-1,-1
3,65,0,62500,2,-1,0,-1
3,85,0,75672,2,-1,0,-1
2,53,3,105000,0,1,-1,-1
3,60,2,77000,1,-1,-1,6
2,53,1,93840,0,0,-1,-1
3,120,3,48100,1,-1,-1,12
4,85,3,50500,1,-1,-1,8
1,42,1,34000,0,1,-1,-1
1,23,2,202000,1,-1,-1,2
1,39,2,82770,0,1,-1,-1
2,71,2,40500,0,0,-1,-1
3,93,0,52000,2,-1,1,-1
3,84,1,189900,1,-1,-1,8
3,70,1,72500,1,-1,-1,7
3,91,0,54000,2,-1,0,-1
3,78,0,33238,2,-1,1,-1
1,30,3,95000,0,1,-1,-1
2,42,1,77300,0,0,-1,-1
3,64,0,250000,2,-1,0,-1
2,67,4,85000,0,0,-1,-1
3,75,7,68000,1,-1,-1,8
4,95,2,56000,0,1,-1,-1
2,56,3,65000,0,1,-1,-1
2,58,10,77000,0,0,-1,-1
2,54,7,50900,0,1,-1,-1
2,37,2,45700,1,-1,-1,4
2,60,2,173000,0,1,-1,-1
3,70,8,105000,1,-1,-1,7
3,87,5,238000,0,1,-1,-1
4,110,1,43802,1,-1,-1,11
1,41,1,89900,1,-1,-1,4
2,57,4,92500,1,-1,-1,6
1,27,1,76997,0,1,-1,-1
2,55,1,125000,0,0,-1,-1
3,70,1,39000,0,1,-1,-1
3,80,1,68500,1,-1,-1,8
2,56,2,78000,0,1,-1,-1
3,107,5,102000,0,1,-1,-1
2,47,1,51040,0,1,-1,-1
2,65,3,36250,0,1,-1,-1
3,55,1,56000,0,0,-1,-1
2,58,9,86733,1,-1,-1,6
2,64,2,112455,1,-1,-1,6
3,74,1,85500,0,0,-1,-1
2,64,1,43500,0,0,-1,-1
1,32,1,165000,0,1,-1,-1
4,87,1,112000,0,1,-1,-1
1,24,6,120000,1,-1,-1,2
3,63,2,28500,1,-1,-1,6
2,56,0,79500,2,-1,0,-1
4,81,1,44590,0,1,-1,-1
5,124,1,73300,1,-1,-1,12
4,100,1,61900,1,-1,-1,10
4,158,3,56000,1,-1,-1,16
2,65,2,95000,1,-1,-1,6
2,55,2,65000,0,0,-1,-1
2,64,0,68400,1,-1,-1,6
4,112,2,73000,0,1,-1,-1
3,74,0,37997,0,1,-1,-1
2,55,4,50990,1,-1,-1,6
2,64,7,72000,0,1,-1,-1
2,46,6,53900,1,-1,-1,5
4,90,5,47900,0,1,-1,-1
2,72,1,89500,1,-1,-1,7
3,77,2,109800,0,0,-1,-1
1,39,7,46200,1,-1,-1,4
2,54,3,114900,1,-1,-1,5
2,60,0,66504,2,-1,0,-1
1,36,0,38900,2,-1,0,-1
2,51,3,56000,1,-1,-1,5
2,55,3,62000,1,-1,-1,6
2,73,3,92000,1,-1,-1,7
3,71,6,229000,0,0,-1,-1
2,52,1,52440,0,1,-1,-1
2,57,9,67500,0,1,-1,-1
2,65,1,84900,0,1,-1,-1
3,230,7,103000,1,-1,-1,23
1,43,4,100000,0,0,-1,-1
2,36,2,63000,0,1,-1,-1
3,75,1,75334,1,-1,-1,8
3,92,7,105000,0,1,-1,-1
2,60,7,139500,1,-1,-1,6
2,55,2,149870,0,1,-1,-1
3,65,5,83500,0,1,-1,-1
1,38,20,101000,0,1,-1,-1
2,54,2,73000,0,0,-1,-1
2,56,4,99000,1,-1,-1,6
2,74,0,69000,2,-1,0,-1
2,48,1,39950,0,1,-1,-1
2,39,3,59900,1,-1,-1,4
2,53,3,39500,1,-1,-1,5
3,97,1,236000,1,-1,-1,10
3,80,1,44000,1,-1,-1,8
3,90,1,320000,0,0,-1,-1
3,88,2,77400,0,0,-1,-1
2,56,1,67200,0,0,-1,-1
3,73,5,56000,1,-1,-1,7
2,38,1,299500,0,1,-1,-1
2,53,2,51133,0,0,-1,-1
3,84,2,74990,0,1,-1,-1
3,80,0,77000,2,-1,1,-1
3,85,1,50000,1,-1,-1,8
3,88,1,46750,0,1,-1,-1
1,36,2,49900,1,-1,-1,4
3,71,1,55500,1,-1,-1,7
1,35,2,59900,1,-1,-1,4
3,64,2,71428,0,0,-1,-1
3,85,1,75000,0,1,-1,-1
3,66,1,164000,1,-1,-1,7
1,38,2,75000,1,-1,-1,4
2,46,1,49000,1,-1,-1,5
2,52,3,67140,0,1,-1,-1
2,61,2,125000,1,-1,-1,6
3,87,7,62000,1,-1,-1,9
4,82,3,41900,0,0,-1,-1
2,70,1,30000,0,1,-1,-1
3,70,1,91900,1,-1,-1,7
3,96,1,47500,0,0,-1,-1
4,121,8,57000,0,1,-1,-1
2,45,1,49300,0,0,-1,-1
3,114,1,66500,0,1,-1,-1
3,77,2,52000,1,-1,-1,8
2,58,2,83000,0,0,-1,-1
1,30,6,74500,0,0,-1,-1
2,65,4,43000,1,-1,-1,6
2,63,4,287500,0,0,-1,-1
2,60,5,76900,0,0,-1,-1
3,87,8,61900,0,0,-1,-1
2,45,1,75900,1,-1,-1,4
3,95,3,76000,0,1,-1,-1
2,58,2,60000,1,-1,-1,6
4,121,4,199900,0,0,-1,-1
3,72,1,71000,0,1,-1,-1
2,48,-1,74000,0,1,-1,-1
2,50,2,79800,0,1,-1,-1
2,46,4,79800,0,0,-1,-1
2,78,8,39000,1,-1,-1,8
3,121,8,99000,0,1,-1,-1
2,43,3,115000,0,1,-1,-1
3,69,3,115000,1,-1,-1,7
3,70,1,65000,0,1,-1,-1
2,67,1,46000,1,-1,-1,7
2,59,3,59900,0,0,-1,-1
2,57,1,42000,1,-1,-1,6
2,50,1,32000,1,-1,-1,5
2,56,1,73000,0,0,-1,-1
3,71,1,36000,0,0,-1,-1
2,57,3,64934,1,-1,-1,6
2,54,6,64000,1,-1,-1,5
2,55,1,66800,0,1,-1,-1
3,85,0,63900,2,-1,0,-1
1,35,6,58000,0,1,-1,-1
1,38,3,34900,1,-1,-1,4
3,87,1,68034,1,-1,-1,9
2,57,4,140000,1,-1,-1,6
4,96,0,122000,2,-1,0,-1
3,65,3,136000,0,1,-1,-1
4,100,2,36000,1,-1,-1,10
2,51,2,139900,0,1,-1,-1
2,50,0,37899,2,-1,1,-1
2,97,3,57900,1,-1,-1,10
2,54,4,73000,1,-1,-1,5
2,58,1,138000,1,-1,-1,6
4,145,1,90000,1,-1,-1,14
3,133,2,145000,0,1,-1,-1
2,65,2,83000,1,-1,-1,6
2,40,1,28500,1,-1,-1,4
2,55,2,79500,1,-1,-1,6
2,46,0,59500,2,-1,0,-1
1,33,3,114000,0,0,-1,-1
2,50,0,77000,2,-1,0,-1
3,89,1,59000,0,1,-1,-1
2,52,3,116900,0,1,-1,-1
1,39,9,75000,0,0,-1,-1
1,31,1,44650,1,-1,-1,3
3,115,0,61000,2,-1,0,-1
4,100,4,110900,1,-1,-1,10
2,40,1,65000,1,-1,-1,4
3,86,7,65000,1,-1,-1,9
3,129,1,56000,0,1,-1,-1
4,161,3,64900,1,-1,-1,16
4,114,5,169000,1,-1,-1,11
2,55,1,115900,1,-1,-1,6
2,70,8,78900,0,1,-1,-1
2,72,3,175000,1,-1,-1,7
3,120,2,58900,0,1,-1,-1
3,65,3,265000,1,-1,-1,6
2,40,4,74000,1,-1,-1,4
1,35,3,97000,1,-1,-1,4
1,43,0,47000,0,1,-1,-1
3,70,6,57900,1,-1,-1,7
4,98,2,91000,0,0,-1,-1
1,32,1,38000,0,1,-1,-1
1,33,1,59000,1,-1,-1,3
2,95,11,102000,1,-1,-1,10
2,56,5,104500,1,-1,-1,6
2,48,4,64400,1,-1,-1,5
3,92,1,46900,1,-1,-1,9
2,36,8,89000,0,1,-1,-1
2,48,8,70500,0,1,-1,-1
1,33,4,76500,0,0,-1,-1
2,45,1,329500,1,-1,-1,4
2,69,4,136900,1,-1,-1,7
3,86,1,239000,0,0,-1,-1
2,51,4,76000,0,1,-1,-1
3,70,9,152000,1,-1,-1,7
4,92,1,45000,1,-1,-1,9
2,58,7,69048,0,1,-1,-1
4,136,5,82990,0,0,-1,-1
2,54,1,56000,0,1,-1,-1
2,50,3,189900,0,0,-1,-1
4,95,2,95000,0,1,-1,-1
2,59,1,55952,1,-1,-1,6
2,56,3,59629,1,-1,-1,6
2,42,3,64204,1,-1,-1,4
3,65,0,43650,2,-1,0,-1
1,48,2,89000,1,-1,-1,5
2,64,3,56900,0,0,-1,-1
3,87,1,51800,1,-1,-1,9
2,63,14,135000,1,-1,-1,6
1,32,1,53700,0,1,-1,-1
3,84,7,69000,1,-1,-1,8
2,72,3,78500,1,-1,-1,7
2,74,5,70280,0,0,-1,-1
3,102,4,78000,1,-1,-1,10
3,117,1,73000,0,0,-1,-1
2,56,0,47650,1,-1,-1,6
3,96,4,90000,1,-1,-1,10
2,104,2,70000,0,0,-1,-1
3,103,2,116500,0,0,-1,-1
1,33,2,120000,0,0,-1,-1
2,57,1,92400,0,0,-1,-1
2,70,6,229000,1,-1,-1,7
2,52,2,170000,1,-1,-1,5
2,64,1,64760,1,-1,-1,6
2,52,4,70000,1,-1,-1,5
3,84,5,145500,0,1,-1,-1
3,82,0,70000,2,-1,0,-1
3,62,1,105000,0,0,-1,-1
1,40,0,61500,1,-1,-1,4
2,62,7,59000,1,-1,-1,6
1,39,3,305000,1,-1,-1,4
3,98,3,141392,1,-1,-1,10
3,88,1,73000,0,1,-1,-1
2,52,6,72000,1,-1,-1,5
2,49,1,87300,1,-1,-1,5
3,64,5,120500,0,1,-1,-1
2,56,2,65700,0,0,-1,-1
3,70,2,176160,1,-1,-1,7
3,59,0,75900,2,-1,0,-1
4,95,2,96000,0,0,-1,-1
1,33,6,180000,0,0,-1,-1
2,60,3,89000,1,-1,-1,6
2,60,0,64900,2,-1,1,-1
1,36,2,69000,1,-1,-1,4
3,78,0,125000,2,-1,0,-1
3,90,2,71580,1,-1,-1,9
2,54,5,72400,0,0,-1,-1
2,49,1,59000,1,-1,-1,5
2,60,0,250000,2,-1,0,-1
4,124,1,95900,1,-1,-1,12
2,62,1,51000,0,0,-1,-1
2,57,7,117600,1,-1,-1,6
2,66,2,73000,1,-1,-1,7
3,102,9,167000,0,1,-1,-1
5,145,7,178000,1,-1,-1,14
3,70,4,58000,0,1,-1,-1
1,46,8,75000,1,-1,-1,5
4,81,6,67500,1,-1,-1,8
2,44,1,117500,1,-1,-1,4
2,50,3,26900,1,-1,-1,5
2,56,1,124000,1,-1,-1,6
3,62,3,53000,1,-1,-1,6
3,86,1,58000,1,-1,-1,9
3,71,4,91400,0,1,-1,-1
3,86,1,38999,0,1,-1,-1
2,50,2,169900,0,0,-1,-1
4,78,3,78000,1,-1,-1,8
2,53,3,32000,0,0,-1,-1
3,87,5,85000,1,-1,-1,9
3,116,5,65000,1,-1,-1,12
3,90,2,124000,0,1,-1,-1
6,240,2,42000,1,-1,-1,24
2,55,6,101000,0,1,-1,-1
3,78,0,367000,2,-1,0,-1
2,58,2,55000,1,-1,-1,6
3,88,0,59900,1,-1,-1,9
3,76,6,105000,0,1,-1,-1
3,90,2,49000,0,1,-1,-1
3,98,4,138800,1,-1,-1,10
3,73,0,86100,2,-1,1,-1
3,103,4,140000,1,-1,-1,10
3,89,5,92000,1,-1,-1,9
2,60,6,58900,1,-1,-1,6
2,51,11,45925,0,1,-1,-1
3,76,5,64000,0,1,-1,-1
2,58,0,55000,1,-1,-1,6
3,85,2,149000,1,-1,-1,8
2,59,2,127000,1,-1,-1,6
2,55,3,130000,0,1,-1,-1
2,58,4,119000,1,-1,-1,6
3,78,1,66500,1,-1,-1,8
2,53,7,199000,0,1,-1,-1
1,35,3,168000,0,1,-1,-1
2,55,1,62000,0,1,-1,-1
2,58,1,66500,1,-1,-1,6
2,74,8,138000,0,1,-1,-1
2,49,1,73000,0,1,-1,-1
4,140,0,38000,2,-1,0,-1
2,58,1,44010,0,1,-1,-1
2,57,4,56000,1,-1,-1,6
3,70,0,45700,2,-1,0,-1
1,35,3,240000,1,-1,-1,4
2,51,0,120000,2,-1,0,-1
2,60,6,360000,0,1,-1,-1
3,88,0,87000,2,-1,0,-1
3,85,1,109000,0,1,-1,-1
3,91,11,66500,0,0,-1,-1
2,55,4,67999,0,1,-1,-1
2,56,3,64204,1,-1,-1,6
1,30,9,140000,1,-1,-1,3
3,60,4,58500,1,-1,-1,6
2,58,1,110000,1,-1,-1,6
3,65,5,152285,0,1,-1,-1
1,43,2,68500,1,-1,-1,4
2,46,4,99900,1,-1,-1,5
2,54,5,36190,0,0,-1,-1
2,59,1,149900,0,0,-1,-1
3,76,0,39000,2,-1,1,-1
2,54,3,74000,1,-1,-1,5
2,52,3,70000,0,0,-1,-1
2,60,8,142000,0,0,-1,-1
1,41,10,55555,1,-1,-1,4
3,90,2,65900,1,-1,-1,9
2,50,1,110000,0,1,-1,-1
4,90,8,106900,0,0,-1,-1
2,47,1,83500,0,1,-1,-1
2,53,5,163633,0,0,-1,-1
3,89,8,79600,0,1,-1,-1
3,80,10,44000,0,0,-1,-1
3,61,2,199900,1,-1,-1,6
2,66,0,55000,2,-1,0,-1
2,48,10,94000,0,0,-1,-1
3,79,0,48900,2,-1,0,-1
3,79,3,55000,0,0,-1,-1
2,61,5,47000,1,-1,-1,6
3,80,2,135000,0,1,-1,-1
3,91,1,275000,1,-1,-1,9
2,57,2,165000,0,1,-1,-1
2,57,3,117900,1,-1,-1,6
3,94,1,72500,1,-1,-1,9
3,98,3,77900,0,0,-1,-1
1,38,3,48900,1,-1,-1,4
2,60,4,44900,1,-1,-1,6
3,76,1,139000,0,1,-1,-1
2,54,1,31950,0,1,-1,-1
3,87,3,67500,1,-1,-1,9
3,90,1,59700,0,1,-1,-1
2,63,0,54900,2,-1,1,-1
2,55,1,71350,1,-1,-1,6
1,48,1,84930,0,1,-1,-1
2,48,3,155000,0,1,-1,-1
2,62,4,72000,0,1,-1,-1
2,69,2,58000,1,-1,-1,7
3,65,2,95900,0,0,-1,-1
3,80,4,137000,1,-1,-1,8
3,65,5,68500,1,-1,-1,6
4,113,2,245000,0,1,-1,-1
2,58,3,151200,0,1,-1,-1
3,97,0,172000,0,1,-1,-1
2,63,4,76930,0,1,-1,-1
3,65,5,47025,1,-1,-1,6
4,120,3,64500,0,1,-1,-1
3,84,1,112455,0,0,-1,-1
3,89,2,69900,1,-1,-1,9
3,71,8,89500,0,0,-1,-1
4,126,2,86227,1,-1,-1,13
3,87,4,59800,0,1,-1,-1
2,68,1,95000,0,0,-1,-1
3,89,3,82500,1,-1,-1,9
8,350,2,52900,0,0,-1,-1
2,65,2,109000,1,-1,-1,6
1,33,0,93000,2,-1,1,-1
2,55,3,220112,1,-1,-1,6
2,69,6,56000,0,1,-1,-1
4,106,1,147350,0,0,-1,-1
2,62,2,43000,1,-1,-1,6
3,72,1,115000,1,-1,-1,7
2,55,2,280000,0,1,-1,-1
2,49,-1,106000,1,-1,-1,5
3,85,8,53499,0,0,-1,-1
3,63,4,62000,1,-1,-1,6
2,62,2,179950,1,-1,-1,6
5,180,2,72100,1,-1,-1,18
2,39,2,78490,1,-1,-1,4
2,64,2,96500,1,-1,-1,6
3,107,8,48000,1,-1,-1,11
3,65,1,106000,0,1,-1,-1
5,159,8,131000,0,1,-1,-1
2,59,8,47000,1,-1,-1,6
3,54,3,138990,0,1,-1,-1
3,75,7,130000,1,-1,-1,8
3,84,8,97000,1,-1,-1,8
3,84,9,99000,1,-1,-1,8
3,70,1,95000,1,-1,-1,7
3,115,6,55000,1,-1,-1,12
2,40,1,71357,0,0,-1,-1
4,80,1,118000,1,-1,-1,8
2,60,7,145000,1,-1,-1,6
3,76,1,81000,1,-1,-1,8
3,95,4,119000,1,-1,-1,10
2,40,4,112000,0,0,-1,-1
3,109,4,78000,0,1,-1,-1
3,78,6,75000,1,-1,-1,8
3,110,0,375000,2,-1,1,-1
3,75,2,79900,1,-1,-1,8
2,57,1,459200,0,1,-1,-1
3,72,3,136000,0,1,-1,-1
5,140,3,175500,1,-1,-1,14
2,45,1,87000,1,-1,-1,4
2,62,3,170000,1,-1,-1,6
2,43,6,54000,0,0,-1,-1
2,57,5,102000,0,1,-1,-1
2,50,3,160000,1,-1,-1,5
3,78,1,41900,1,-1,-1,8
2,45,2,108510,0,0,-1,-1
3,70,4,65000,1,-1,-1,7
1,35,0,117000,2,-1,0,-1
3,77,3,125000,1,-1,-1,8
2,51,2,109000,1,-1,-1,5
2,55,7,69500,0,0,-1,-1
3,78,2,74000,0,1,-1,-1
2,70,3,75000,1,-1,-1,7
3,65,3,51470,0,1,-1,-1
4,89,2,64500,0,1,-1,-1
2,49,5,130000,0,1,-1,-1
2,51,1,89953,0,1,-1,-1
2,64,0,150000,2,-1,0,-1
3,102,1,64160,1,-1,-1,10
2,44,4,96000,1,-1,-1,4
2,51,10,65000,1,-1,-1,5
1,37,0,75342,2,-1,0,-1
2,55,8,86500,1,-1,-1,6
3,93,15,450000,1,-1,-1,9
1,34,2,95000,0,1,-1,-1
2,96,6,173000,1,-1,-1,10
3,85,1,48950,1,-1,-1,8
1,33,7,60000,0,1,-1,-1
3,74,4,67000,0,1,-1,-1
3,87,2,59950,1,-1,-1,9
3,60,4,63900,1,-1,-1,6
3,140,8,139500,1,-1,-1,14
2,67,2,54500,1,-1,-1,7
4,143,4,329000,0,1,-1,-1
7,214,7,92160,1,-1,-1,21
2,42,8,61500,1,-1,-1,4
2,44,2,72500,0,1,-1,-1
3,82,3,65760,0,1,-1,-1
4,79,4,138650,0,1,-1,-1
3,65,2,290000,1,-1,-1,6
3,89,1,179000,1,-1,-1,9
1,33,7,68000,1,-1,-1,3
1,41,4,73000,0,1,-1,-1
2,55,4,227000,0,0,-1,-1
2,59,1,53500,0,1,-1,-1
2,63,3,280000,0,1,-1,-1
2,44,1,81071,0,1,-1,-1
2,56,5,152500,0,1,-1,-1
2,50,1,55000,0,1,-1,-1
2,58,2,105000,0,0,-1,-1
2,47,4,81528,0,0,-1,-1
2,60,2,185000,0,0,-1,-1
3,89,2,350000,1,-1,-1,9
3,118,4,159000,0,0,-1,-1
2,60,0,115000,0,1,-1,-1
2,61,0,94518,2,-1,0,-1
2,103,3,126000,1,-1,-1,10
2,57,2,94719,0,1,-1,-1
2,49,1,59000,1,-1,-1,5
3,67,5,79500,1,-1,-1,7
3,54,9,59500,1,-1,-1,5
2,52,9,62000,1,-1,-1,5
2,51,2,290000,0,0,-1,-1
1,44,6,60900,0,1,-1,-1
2,30,6,69900,0,0,-1,-1
3,95,1,250000,0,1,-1,-1
3,63,3,73000,1,-1,-1,6
2,98,9,65000,1,-1,-1,10
3,71,4,59000,1,-1,-1,7
2,46,6,175000,1,-1,-1,5
2,63,10,40000,1,-1,-1,6
2,58,4,110000,1,-1,-1,6
3,86,1,105000,0,0,-1,-1
3,68,8,54000,0,0,-1,-1
2,53,1,79500,0,1,-1,-1
1,36,4,71000,0,0,-1,-1
4,90,3,59000,1,-1,-1,9
2,56,3,47300,1,-1,-1,6
3,79,6,113000,1,-1,-1,8
2,55,1,61655,1,-1,-1,6
2,65,8,72000,0,1,-1,-1
3,73,3,89000,0,1,-1,-1
3,88,2,69990,1,-1,-1,9
2,53,2,44500,1,-1,-1,5
2,56,1,110500,1,-1,-1,6
3,62,0,79900,2,-1,0,-1
2,50,2,102800,0,0,-1,-1
2,40,4,75000,0,0,-1,-1
2,53,4,51000,1,-1,-1,5
3,102,7,92616,0,0,-1,-1
3,64,3,165000,0,0,-1,-1
3,75,7,53900,0,1,-1,-1
3,94,3,87000,1,-1,-1,9
2,44,3,81500,1,-1,-1,4
2,67,6,180000,0,1,-1,-1
1,39,4,125000,0,0,-1,-1
2,56,4,58000,0,0,-1,-1
3,90,2,168000,0,0,-1,-1
2,56,6,189000,1,-1,-1,6
3,100,2,160000,0,1,-1,-1
1,40,4,137498,0,1,-1,-1
2,68,0,50000,2,-1,0,-1
2,40,2,350000,1,-1,-1,4
3,72,8,72000,1,-1,-1,7
3,100,4,77500,1,-1,-1,10
2,59,8,116500,0,1,-1,-1
2,64,0,136000,2,-1,0,-1
3,116,2,46900,0,1,-1,-1
2,42,2,149000,0,1,-1,-1
2,50,2,64500,1,-1,-1,5
2,54,1,49900,1,-1,-1,5
3,78,2,92000,0,0,-1,-1
3,77,1,69600,1,-1,-1,8
2,55,1,146000,1,-1,-1,6
3,84,3,68240,0,1,-1,-1
2,45,9,47000,1,-1,-1,4
2,56,0,46500,0,1,-1,-1
2,60,9,36500,0,0,-1,-1
2,52,2,199000,1,-1,-1,5
3,67,4,59900,0,1,-1,-1
4,90,6,245000,0,0,-1,-1
2,43,2,142000,1,-1,-1,4
2,36,0,67000,1,-1,-1,4
3,80,11,45500,1,-1,-1,8
3,106,1,380000,0,1,-1,-1
2,40,3,54500,0,0,-1,-1
2,60,1,123990,1,-1,-1,6
1,33,8,63000,0,1,-1,-1
3,81,2,114900,0,0,-1,-1
2,53,1,195000,0,1,-1,-1
2,55,4,45000,1,-1,-1,6
2,56,8,189000,1,-1,-1,6
2,42,4,80000,0,1,-1,-1
3,59,0,108000,1,-1,-1,6
2,55,3,56000,0,1,-1,-1
2,48,2,139000,1,-1,-1,5
2,43,2,80688,1,-1,-1,4
2,62,0,350000,2,-1,0,-1
2,48,3,55000,0,0,-1,-1
2,63,2,55650,0,0,-1,-1
3,104,8,240000,1,-1,-1,10
2,56,8,79990,1,-1,-1,6
2,51,0,44000,1,-1,-1,5
1,35,1,89000,1,-1,-1,4
2,60,7,75500,1,-1,-1,6
3,74,5,110000,1,-1,-1,7
2,43,1,125000,0,1,-1,-1
2,60,4,380000,1,-1,-1,6
2,55,0,40500,2,-1,0,-1
2,64,1,52500,0,1,-1,-1
3,68,1,54800,0,1,-1,-1
2,45,0,79094,2,-1,0,-1
1,41,8,95000,0,1,-1,-1
2,51,2,135000,0,1,-1,-1
3,70,5,86000,1,-1,-1,7
2,45,1,68000,0,1,-1,-1
1,35,0,130000,1,-1,-1,4
2,59,5,377000,0,0,-1,-1
2,44,3,173500,1,-1,-1,4
2,52,2,375000,1,-1,-1,5
3,61,9,68500,1,-1,-1,6
2,53,1,54900,0,1,-1,-1
2,49,3,73000,1,-1,-1,5
4,126,8,90000,1,-1,-1,13
3,63,11,65000,0,1,-1,-1
2,39,5,35900,1,-1,-1,4
1,43,5,114500,1,-1,-1,4
2,51,1,104440,0,1,-1,-1
2,57,1,89953,0,0,-1,-1
3,75,4,88000,1,-1,-1,8
3,83,5,127300,0,1,-1,-1
2,65,1,57000,0,0,-1,-1
2,56,2,63900,1,-1,-1,6
3,88,1,46900,1,-1,-1,9
3,72,0,42900,0,0,-1,-1
2,45,5,82500,0,1,-1,-1
2,55,2,63000,1,-1,-1,6
3,79,0,55000,2,-1,0,-1
3,89,2,83000,0,1,-1,-1
4,81,2,149000,0,1,-1,-1
2,55,2,42000,0,0,-1,-1
3,70,2,83000,0,0,-1,-1
3,72,4,135000,1,-1,-1,7
3,102,1,33600,1,-1,-1,10
2,56,5,160000,0,0,-1,-1
3,75,4,70000,0,1,-1,-1
2,40,11,79500,1,-1,-1,4
2,50,2,289000,1,-1,-1,5
2,63,1,119700,0,1,-1,-1
2,43,1,68000,1,-1,-1,4
2,46,0,38000,2,-1,0,-1
3,91,0,76600,2,-1,0,-1
2,50,6,180000,0,1,-1,-1
1,37,2,329000,1,-1,-1,4
4,115,4,26000,0,1,-1,-1
2,55,3,72550,1,-1,-1,6
3,76,1,74500,1,-1,-1,8
2,53,7,114000,1,-1,-1,5
4,137,3,35000,1,-1,-1,14
3,66,2,50900,0,0,-1,-1
2,57,6,55000,1,-1,-1,6
3,85,2,105000,0,1,-1,-1
2,93,1,79000,1,-1,-1,9
2,50,1,230000,1,-1,-1,5
2,55,5,218000,0,1,-1,-1
2,52,2,128000,0,0,-1,-1
2,49,0,111247,2,-1,0,-1
2,63,9,137000,1,-1,-1,6
3,85,1,130000,1,-1,-1,8
2,61,4,139000,0,1,-1,-1
2,68,0,75500,2,-1,0,-1
3,157,2,215000,0,1,-1,-1
2,55,6,52800,0,1,-1,-1
2,60,0,97000,2,-1,0,-1
2,59,1,39900,0,1,-1,-1
3,110,3,88400,1,-1,-1,11
2,58,2,46000,1,-1,-1,6
4,106,1,165000,0,0,-1,-1
2,42,1,79500,1,-1,-1,4
3,71,2,58800,0,1,-1,-1
1,33,0,55000,2,-1,0,-1
3,84,3,95286,0,0,-1,-1
2,48,0,138000,1,-1,-1,5
2,50,4,204000,0,0,-1,-1
1,44,0,72000,2,-1,0,-1
2,55,2,82998,0,1,-1,-1
1,42,1,83000,0,1,-1,-1
2,51,10,39900,1,-1,-1,5
2,50,4,62000,1,-1,-1,5
3,86,0,229000,2,-1,1,-1
3,74,0,79000,2,-1,0,-1
2,57,4,73900,1,-1,-1,6
2,43,7,73500,0,0,-1,-1
5,137,3,44500,0,1,-1,-1
3,85,7,65000,0,1,-1,-1
3,70,1,93000,0,1,-1,-1
2,55,7,91000,1,-1,-1,6
2,65,0,54900,2,-1,0,-1
3,68,2,80000,0,0,-1,-1
3,86,2,98000,1,-1,-1,9
3,86,2,125000,0,1,-1,-1
2,61,-1,98000,1,-1,-1,6
2,55,3,85999,0,1,-1,-1
2,55,3,200000,1,-1,-1,6
2,43,1,50000,1,-1,-1,4
3,78,0,210000,2,-1,0,-1
3,148,1,37000,0,1,-1,-1
2,50,2,109900,0,1,-1,-1
2,50,7,72500,1,-1,-1,5
2,58,2,59950,1,-1,-1,6
2,52,1,125000,0,1,-1,-1
2,53,3,44000,1,-1,-1,5
2,50,7,174000,1,-1,-1,5
2,46,4,143000,1,-1,-1,5
1,35,7,118900,1,-1,-1,4
2,56,3,43500,0,0,-1,-1
3,89,8,41000,1,-1,-1,9
2,59,0,56000,1,-1,-1,6
2,47,8,77500,0,1,-1,-1
2,71,2,83000,0,1,-1,-1
2,55,3,65000,1,-1,-1,6
2,56,6,60500,0,1,-1,-1
1,39,2,61500,1,-1,-1,4
3,71,4,89999,1,-1,-1,7
2,66,2,111500,1,-1,-1,7
3,76,7,58900,0,1,-1,-1
2,72,3,132000,0,0,-1,-1
2,50,2,89900,1,-1,-1,5
2,46,4,102000,1,-1,-1,5
2,46,0,47000,2,-1,0,-1
1,33,6,89900,0,1,-1,-1
2,39,1,38500,0,1,-1,-1
3,71,3,79900,1,-1,-1,7
2,51,3,328000,0,1,-1,-1
3,83,2,108000,0,1,-1,-1
3,68,6,46000,1,-1,-1,7
1,38,4,72500,1,-1,-1,4
3,92,2,69900,1,-1,-1,9
2,51,4,219000,1,-1,-1,5
3,70,3,50500,0,1,-1,-1
3,67,0,95000,2,-1,1,-1
3,90,1,86600,0,1,-1,-1
3,75,1,62000,0,1,-1,-1
3,70,2,115000,0,1,-1,-1
3,77,11,205000,0,1,-1,-1
2,59,7,42000,0,0,-1,-1
2,58,10,49900,1,-1,-1,6
2,67,2,290000,1,-1,-1,7
1,32,4,130000,0,1,-1,-1
2,50,3,445000,1,-1,-1,5
3,88,9,159000,0,0,-1,-1
2,55,9,49400,0,1,-1,-1
3,123,6,120000,1,-1,-1,12
2,58,2,69000,1,-1,-1,6
2,60,0,57200,0,0,-1,-1
2,62,2,210000,1,-1,-1,6
2,59,4,83000,1,-1,-1,6
2,61,4,44500,0,0,-1,-1
2,51,1,124500,1,-1,-1,5
2,45,1,57500,1,-1,-1,4
1,37,6,33000,0,0,-1,-1
2,57,2,117500,0,1,-1,-1
2,55,7,97000,1,-1,-1,6
3,89,5,85000,1,-1,-1,9
2,56,2,46000,0,1,-1,-1
3,76,7,141000,1,-1,-1,8
4,90,1,132000,0,1,-1,-1
3,70,0,150000,2,-1,0,-1
3,58,5,134999,0,1,-1,-1
2,60,1,88000,0,0,-1,-1
3,112,4,42500,0,1,-1,-1
4,100,1,64300,0,0,-1,-1
2,61,0,359000,2,-1,0,-1
2,64,2,65000,1,-1,-1,6
2,57,5,123000,1,-1,-1,6
5,177,6,62000,1,-1,-1,18
3,83,1,76990,0,1,-1,-1
2,60,0,230000,1,-1,-1,6
3,130,5,61500,0,1,-1,-1
2,55,0,220000,0,0,-1,-1
3,77,6,57100,1,-1,-1,8
2,54,0,40000,2,-1,0,-1
3,64,1,58999,1,-1,-1,6
3,86,2,62500,1,-1,-1,9
1,40,7,53000,1,-1,-1,4
4,91,3,36500,1,-1,-1,9
3,68,1,56500,1,-1,-1,7
1,40,1,180000,0,1,-1,-1
3,64,2,47900,1,-1,-1,6
1,28,2,46000,1,-1,-1,3
2,55,2,50500,0,1,-1,-1
1,34,5,51900,1,-1,-1,3
2,63,2,46900,0,0,-1,-1
2,64,2,136170,1,-1,-1,6
3,78,5,180000,0,1,-1,-1
2,37,3,139000,1,-1,-1,4
2,50,2,55501,1,-1,-1,5
5,188,4,49524,1,-1,-1,19
2,98,0,54900,0,1,-1,-1
2,52,3,85000,0,1,-1,-1
2,59,1,48000,1,-1,-1,6
3,95,0,75672,1,-1,-1,10
3,108,0,30500,2,-1,0,-1
3,67,4,75000,1,-1,-1,7
4,90,2,178000,0,0,-1,-1
3,111,6,65000,1,-1,-1,11
2,65,4,169000,1,-1,-1,6
2,61,7,115100,1,-1,-1,6
2,57,5,243000,0,1,-1,-1
5,151,2,80130,1,-1,-1,15
3,77,1,124000,1,-1,-1,8
3,92,9,71620,1,-1,-1,9
2,50,10,79900,1,-1,-1,5
2,61,3,53800,1,-1,-1,6
2,56,0,84000,2,-1,1,-1
4,80,1,133820,1,-1,-1,8
2,65,0,109000,1,-1,-1,6
2,74,1,45000,1,-1,-1,7
2,74,1,163000,0,1,-1,-1
4,116,4,202900,0,1,-1,-1
3,75,0,265000,0,1,-1,-1
2,65,1,88900,0,1,-1,-1
1,43,1,73400,1,-1,-1,4
2,60,1,47000,1,-1,-1,6
1,46,4,125539,0,0,-1,-1
2,59,3,93500,1,-1,-1,6
2,47,5,66000,1,-1,-1,5
2,57,7,49600,1,-1,-1,6
2,60,1,50000,0,1,-1,-1
2,52,2,66800,1,-1,-1,5
2,61,4,55500,1,-1,-1,6
3,83,6,178000,0,1,-1,-1
2,82,5,145000,1,-1,-1,8
3,66,3,59900,1,-1,-1,7
3,79,10,34500,0,0,-1,-1
2,60,3,45500,0,1,-1,-1
2,44,0,56000,2,-1,1,-1
3,85,2,46340,1,-1,-1,8
2,53,1,84960,0,1,-1,-1
2,64,3,64900,0,1,-1,-1
3,84,1,124000,1,-1,-1,8
3,72,2,41900,1,-1,-1,7
3,72,1,46900,0,1,-1,-1
2,50,11,155000,1,-1,-1,5
2,57,0,64400,2,-1,0,-1
4,119,2,56000,1,-1,-1,12
2,63,5,174000,1,-1,-1,6
2,53,1,25500,0,0,-1,-1
3,75,3,95000,0,1,-1,-1
4,85,9,63300,0,0,-1,-1
2,61,1,84900,1,-1,-1,6
4,130,4,30400,0,0,-1,-1
2,66,7,174990,1,-1,-1,7
4,126,1,78900,0,1,-1,-1
2,57,6,170000,1,-1,-1,6
3,78,1,94000,0,1,-1,-1
3,63,3,79000,0,0,-1,-1
2,62,4,67500,1,-1,-1,6
2,70,3,215000,1,-1,-1,7
2,57,1,102000,0,1,-1,-1
3,76,3,91000,1,-1,-1,8
2,50,1,58800,1,-1,-1,5
4,60,4,32500,1,-1,-1,6
2,52,0,33000,2,-1,0,-1
2,45,2,93000,0,1,-1,-1
3,65,3,129990,1,-1,-1,6
3,160,2,173000,0,1,-1,-1
2,78,11,167000,0,1,-1,-1
3,60,0,35500,2,-1,0,-1
1,45,2,105000,1,-1,-1,4
2,56,1,65000,0,1,-1,-1
3,88,1,40900,1,-1,-1,9
3,83,5,79000,1,-1,-1,8
2,53,4,74999,0,1,-1,-1
4,82,0,82500,1,-1,-1,8
3,80,4,287000,0,1,-1,-1
2,51,0,59750,2,-1,0,-1
3,67,3,74000,0,1,-1,-1
3,86,0,173850,1,-1,-1,9
3,70,6,167000,1,-1,-1,7
3,60,3,71600,0,1,-1,-1
2,53,0,85000,2,-1,0,-1
3,70,2,26999,1,-1,-1,7
3,72,1,79800,0,1,-1,-1
2,51,9,90000,0,1,-1,-1
1,43,2,35500,0,0,-1,-1
2,64,7,110000,0,1,-1,-1
4,150,1,27500,1,-1,-1,15
4,96,2,61000,0,1,-1,-1
2,51,3,45500,0,1,-1,-1
3,75,1,68000,1,-1,-1,8
3,80,7,199000,1,-1,-1,8
3,96,6,88000,0,0,-1,-1
4,100,1,75900,0,0,-1,-1
1,34,6,296000,0,1,-1,-1
2,56,1,111200,1,-1,-1,6
3,68,1,48900,0,0,-1,-1
2,64,4,104900,1,-1,-1,6
1,33,1,140000,1,-1,-1,3
2,60,5,111466,0,1,-1,-1
2,52,2,150000,1,-1,-1,5
2,59,9,66900,0,1,-1,-1
1,41,2,56100,1,-1,-1,4
2,60,1,50000,1,-1,-1,6
2,52,1,124000,1,-1,-1,5
3,71,1,35500,0,1,-1,-1
1,32,3,70500,0,1,-1,-1
3,89,2,144000,1,-1,-1,9
3,117,0,125000,2,-1,1,-1
2,55,1,42500,1,-1,-1,6
2,40,1,58900,0,1,-1,-1
3,75,3,275000,1,-1,-1,8
3,55,4,75000,0,1,-1,-1
2,49,4,57900,1,-1,-1,5
3,98,10,101000,1,-1,-1,10
3,90,3,108000,0,1,-1,-1
2,38,1,44300,0,1,-1,-1
3,82,4,120000,1,-1,-1,8
2,63,0,73900,0,1,-1,-1
4,150,7,92000,1,-1,-1,15
2,60,0,37050,2,-1,0,-1
2,54,10,204250,1,-1,-1,5
3,70,1,42800,0,0,-1,-1
3,70,2,195000,1,-1,-1,7
3,93,3,79000,0,0,-1,-1
1,42,1,74000,0,1,-1,-1
3,80,2,50500,0,1,-1,-1
1,56,0,210000,2,-1,0,-1
3,70,3,135000,0,1,-1,-1
3,76,2,289000,0,1,-1,-1
3,70,9,140000,1,-1,-1,7
1,35,10,85000,0,1,-1,-1
2,53,3,67000,1,-1,-1,5
3,56,2,150000,1,-1,-1,6
3,75,2,80130,0,1,-1,-1
2,50,9,105000,1,-1,-1,5
3,96,1,52000,0,1,-1,-1
3,65,1,58900,0,1,-1,-1
3,92,8,51900,0,1,-1,-1
3,82,2,51000,1,-1,-1,8
4,135,1,110188,0,1,-1,-1
3,85,1,130354,1,-1,-1,8
2,67,2,19900,1,-1,-1,7
2,74,1,79000,0,1,-1,-1
4,93,7,53000,0,1,-1,-1
2,40,2,53500,1,-1,-1,4
2,47,2,74990,1,-1,-1,5
1,36,2,74900,0,1,-1,-1
2,51,2,149500,1,-1,-1,5
2,50,2,48500,1,-1,-1,5
2,45,-1,29000,1,-1,-1,4
3,71,6,256000,1,-1,-1,7
2,49,4,19900,1,-1,-1,5
